16163,iw9_s4_ch_fob_bounty_heli_boss_first_milestone,DMZ_FOB/BOUNTY_HELI_BOSS_FIRST_MILESTONE_NAME,,1,,0,DMZ_FOB/BOUNTY_HELI_BOSS_FIRST_MILESTONE_DETAIL_DESC,bounty_board,,,,16164,,,,,,,,209,,,white_lotus,1,ui_map_icon_boss_chopper|hud_icon_shop_personal_exfil,0,,1,
16164,iw9_s4_ch_fob_bounty_heli_boss_first_milestone_kill,,DMZ_FOB/BOUNTY_HELI_BOSS_FIRST_MILESTONE_KILL_DESC,1,,0,,,,,,,,,,,,,,,,,white_lotus,1,,0,CHOPPER_BOSS,1,
16165,iw9_s4_ch_fob_bounty_heli_boss_second_milestone,DMZ_FOB/BOUNTY_HELI_BOSS_SECOND_MILESTONE_NAME,,1,,0,DMZ_FOB/BOUNTY_HELI_BOSS_SECOND_MILESTONE_DETAIL_DESC,bounty_board,,,,16166,,,,,,,,220|220,,,,,ui_map_icon_boss_chopper|hud_icon_shop_personal_exfil,0,,1,
16166,iw9_s4_ch_fob_bounty_heli_boss_second_milestone_kill,,DMZ_FOB/BOUNTY_HELI_BOSS_SECOND_MILESTONE_KILL_DESC,4,,0,,,,,,,,,,,,,,,,,,,,0,CHOPPER_BOSS,1,
16167,iw9_s4_ch_fob_bounty_heli_boss_third_milestone,DMZ_FOB/BOUNTY_HELI_BOSS_THIRD_MILESTONE_NAME,,1,,0,DMZ_FOB/BOUNTY_HELI_BOSS_THIRD_MILESTONE_DETAIL_DESC,bounty_board,,,,16168,,,,,,,,220|220,,,,,|ui_map_icon_boss_chopper|hud_icon_shop_personal_exfil,0,,1,
16168,iw9_s4_ch_fob_bounty_heli_boss_third_milestone_kill,,DMZ_FOB/BOUNTY_HELI_BOSS_THIRD_MILESTONE_KILL_DESC,5,,0,,,,,,,,,,,,,,,,,,,,0,CHOPPER_BOSS,1,
16169,iw9_s4_ch_fob_bounty_heli_boss_fourth_milestone,DMZ_FOB/BOUNTY_HELI_BOSS_FOURTH_MILESTONE_NAME,,1,,0,DMZ_FOB/BOUNTY_HELI_BOSS_FOURTH_MILESTONE_DETAIL_DESC,bounty_board,,,,16170,,,,,,,,220,,,,,ui_map_icon_boss_chopper|hud_icon_shop_personal_exfil,0,,1,
16170,iw9_s4_ch_fob_bounty_heli_boss_fourth_milestone_kill,,DMZ_FOB/BOUNTY_HELI_BOSS_FOURTH_MILESTONE_KILL_DESC,10,,0,,,,,,,,,,,,,,,,,,,,0,CHOPPER_BOSS,1,
16171,iw9_s4_ch_fob_bounty_chemist_first_milestone,DMZ_FOB/BOUNTY_CHEMIST_FIRST_MILESTONE_NAME,,1,,0,DMZ_FOB/BOUNTY_CHEMIST_FIRST_MILESTONE_DETAIL_DESC,bounty_board,,,,16172,,,,,,,,210,,,white_lotus,1,ui_map_icon_boss_chemist|hud_icon_fieldupgrade_stim_pistol,0,,1,
16172,iw9_s4_ch_fob_bounty_chemist_first_milestone_kill,,DMZ_FOB/BOUNTY_CHEMIST_FIRST_MILESTONE_KILL_DESC,1,,0,,,,,,,,,,,,,,,,,white_lotus,1,,0,CHEMIST_BOSS,1,
16173,iw9_s4_ch_fob_bounty_wheelson_first_milestone,DMZ_FOB/BOUNTY_WHEELSON_FIRST_MILESTONE_NAME,,1,,0,DMZ_FOB/BOUNTY_WHEELSON_FIRST_MILESTONE_DETAIL_DESC,bounty_board,,,,16174,,,,,,,,211,,,white_lotus,1,ui_map_icon_boss_getaway|ui_icon_dmz_loot_armor_comms,0,,1,
16174,iw9_s4_ch_fob_bounty_wheelson_first_milestone_kill,,DMZ_FOB/BOUNTY_WHEELSON_FIRST_MILESTONE_KILL_DESC,1,,0,,,,,,,,,,,,,,,,,white_lotus,1,,0,WHEELSON_BOSS,1,
16175,iw9_s4_ch_fob_bounty_sniper_first_milestone,DMZ_FOB/BOUNTY_SNIPER_FIRST_MILESTONE_NAME,,1,,0,DMZ_FOB/BOUNTY_SNIPER_FIRST_MILESTONE_DETAIL_DESC,bounty_board,,,,16176,,,,,,,,212,,,white_lotus,1,ui_map_icon_boss_sniper|ui_icon_dmz_loot_armor_stealth,0,,1,
16176,iw9_s4_ch_fob_bounty_sniper_first_milestone_kill,,DMZ_FOB/BOUNTY_SNIPER_FIRST_MILESTONE_KILL_DESC,1,,0,,,,,,,,,,,,,,,,,white_lotus,1,,0,SNIPER_BOSS,1,
16177,iw9_s4_ch_fob_bounty_jugg_first_milestone,DMZ_FOB/BOUNTY_JUGG_FIRST_MILESTONE_NAME,,1,,0,DMZ_FOB/BOUNTY_JUGG_FIRST_MILESTONE_DETAIL_DESC,bounty_board,,,,16178,,,,,,,,213,,,white_lotus,1,ui_map_icon_boss_juggernaut|ui_icon_dmz_loot_armor_tempered,0,,1,
16178,iw9_s4_ch_fob_bounty_jugg_first_milestone_kill,,DMZ_FOB/BOUNTY_JUGG_FIRST_MILESTONE_KILL_DESC,1,,0,,,,,,,,,,,,,,,,,white_lotus,1,,0,JUGGERNAUT_BOSS,1,
16181,iw9_s4_ch_fob_bounty_pyro_first_milestone,DMZ_FOB/BOUNTY_PYRO_FIRST_MILESTONE_NAME,,1,,0,DMZ_FOB/BOUNTY_PYRO_FIRST_MILESTONE_DETAIL_DESC,bounty_board,,,,16182,,,,,,,,214,,,white_lotus,1,ui_map_icon_boss_pyro|ui_icon_dmz_loot_armor_medic,0,,1,
16182,iw9_s4_ch_fob_bounty_pyro_first_milestone_kill,,DMZ_FOB/BOUNTY_PYRO_FIRST_MILESTONE_KILL_DESC,1,,0,,,,,,,,,,,,,,,,,white_lotus,1,,0,PYRO_BOSS,1,
16184,iw9_s4_ch_fob_bounty_pyro_second_milestone,DMZ_FOB/BOUNTY_PYRO_SECOND_MILESTONE_NAME,,1,,0,DMZ_FOB/BOUNTY_PYRO_SECOND_MILESTONE_DETAIL_DESC,bounty_board,,,,16185,,,,,,,,222|222|222|222|222,,,,,ui_map_icon_boss_pyro|icon_dmz_bountyboard_armor,0,,1,
16185,iw9_s4_ch_fob_bounty_pyro_second_milestone_kill,,DMZ_FOB/BOUNTY_PYRO_SECOND_MILESTONE_KILL_DESC,4,,0,,,,,,,,,,,,,,,,,,,,0,PYRO_BOSS,1,
16186,iw9_s4_ch_fob_bounty_pyro_third_milestone,DMZ_FOB/BOUNTY_PYRO_THIRD_MILESTONE_NAME,,1,,0,DMZ_FOB/BOUNTY_PYRO_THIRD_MILESTONE_DETAIL_DESC,bounty_board,,,,16187,,,,,,,,222|222|222|222|222,,,,,ui_map_icon_boss_pyro|icon_dmz_bountyboard_armor,0,,1,
16187,iw9_s4_ch_fob_bounty_pyro_third_milestone_kill,,DMZ_FOB/BOUNTY_PYRO_THIRD_MILESTONE_KILL_DESC,6,,0,,,,,,,,,,,,,,,,,,,,0,PYRO_BOSS,1,
16188,iw9_s4_ch_fob_bounty_pyro_fourth_milestone,DMZ_FOB/BOUNTY_PYRO_FOURTH_MILESTONE_NAME,,1,,0,DMZ_FOB/BOUNTY_PYRO_FOURTH_MILESTONE_DETAIL_DESC,bounty_board,,,,16189,,,,,,,,222|222|222|222|222,,,,,ui_map_icon_boss_pyro|icon_dmz_bountyboard_armor,0,,1,
16189,iw9_s4_ch_fob_bounty_pyro_fourth_milestone_kill,,DMZ_FOB/BOUNTY_PYRO_FOURTH_MILESTONE_KILL_DESC,10,,0,,,,,,,,,,,,,,,,,,,,0,PYRO_BOSS,1,
16190,iw9_s4_ch_fob_bounty_scav_first_milestone,DMZ_FOB/BOUNTY_SCAV_FIRST_MILESTONE_NAME,,1,,0,DMZ_FOB/BOUNTY_SCAV_FIRST_MILESTONE_DETAIL_DESC,bounty_board,,,,16191,,,,,,,,215,,,white_lotus,1,ui_map_icon_boss_scavenger|hud_icon_loot_backpack_scavenger,0,,1,
16191,iw9_s4_ch_fob_bounty_scav_first_milestone_kill,,DMZ_FOB/BOUNTY_SCAV_FIRST_MILESTONE_KILL_DESC,1,,0,,,,,,,,,,,,,,,,,white_lotus,1,,0,SCAV_BOSS,1,
16192,iw9_s4_ch_fob_bounty_scav_second_milestone,DMZ_FOB/BOUNTY_SCAV_SECOND_MILESTONE_NAME,,1,,0,DMZ_FOB/BOUNTY_SCAV_SECOND_MILESTONE_DETAIL_DESC,bounty_board,,,,16193,,,,,,,,219,,,,,ui_map_icon_boss_scavenger|hud_icon_loot_backpack_secured,0,,1,
16193,iw9_s4_ch_fob_bounty_scav_second_milestone_kill,,DMZ_FOB/BOUNTY_SCAV_SECOND_MILESTONE_KILL_DESC,9,,0,,,,,,,,,,,,,,,,,,,,0,SCAV_BOSS,1,
16194,iw9_s4_ch_fob_bounty_velikan_first_milestone,DMZ_FOB/BOUNTY_VELIKAN_FIRST_MILESTONE_NAME,,1,,0,DMZ_FOB/BOUNTY_VELIKAN_FIRST_MILESTONE_DETAIL_DESC,bounty_board,,,,16195,,,,,,,,216,,,white_lotus,1,ui_map_icon_boss_valkian|hud_icon_objective_skeleton_key,0,,1,
16195,iw9_s4_ch_fob_bounty_velikan_first_milestone_kill,,DMZ_FOB/BOUNTY_VELIKAN_FIRST_MILESTONE_KILL_DESC,1,,0,,,,,,,,,,,,,,,,,white_lotus,1,,0,VELIKAN_BOSS,1,
16196,iw9_s4_ch_fob_bounty_velikan_second_milestone,DMZ_FOB/BOUNTY_VELIKAN_SECOND_MILESTONE_NAME,,1,,0,DMZ_FOB/BOUNTY_VELIKAN_SECOND_MILESTONE_DETAIL_DESC,bounty_board,,,,16197,,,,,,,,218,,,,,ui_map_icon_boss_valkian|hud_icon_weapon_la_mike32,0,,1,
16197,iw9_s4_ch_fob_bounty_velikan_second_milestone_kill,,DMZ_FOB/BOUNTY_VELIKAN_SECOND_MILESTONE_KILL_DESC,9,,0,,,,,,,,,,,,,,,,,,,,0,VELIKAN_BOSS,1,
16198,iw9_s4_ch_fob_bounty_trapper_milestone_1,DMZ_FOB/BOUNTY_TRAPPER_MILESTONE_1_NAME,,1,,0,DMZ_FOB/BOUNTY_TRAPPER_MILESTONE_1_DETAIL_DESC,bounty_board,,,,16199,,,,,,,,221|221,,,white_lotus,1,ui_map_icon_boss_trapper|icon_dmz_bountyboard_killstreak,0,,1,
16199,iw9_s4_ch_fob_bounty_trapper_milestone_1_kill,,DMZ_FOB/BOUNTY_TRAPPER_MILESTONE_1_KILL_DESC,1,,0,,,,,,,,,,,,,,,,,white_lotus,1,,0,TRAPPER_BOSS,1,
16200,iw9_s4_ch_fob_bounty_trapper_milestone_2,DMZ_FOB/BOUNTY_TRAPPER_MILESTONE_2_NAME,,1,,0,DMZ_FOB/BOUNTY_TRAPPER_MILESTONE_2_DETAIL_DESC,bounty_board,,,,16201,,,,,,,,221|221,,,,,ui_map_icon_boss_trapper|icon_dmz_bountyboard_killstreak,0,,1,
16201,iw9_s4_ch_fob_bounty_trapper_milestone_2_kill,,DMZ_FOB/BOUNTY_TRAPPER_MILESTONE_2_KILL_DESC,4,,0,,,,,,,,,,,,,,,,,,,,0,TRAPPER_BOSS,1,
16202,iw9_s4_ch_fob_bounty_trapper_milestone_3,DMZ_FOB/BOUNTY_TRAPPER_MILESTONE_3_NAME,,1,,0,DMZ_FOB/BOUNTY_TRAPPER_MILESTONE_3_DETAIL_DESC,bounty_board,,,,16203,,,,,,,,221,,,,,ui_map_icon_boss_trapper|icon_dmz_bountyboard_killstreak,0,,1,
16203,iw9_s4_ch_fob_bounty_trapper_milestone_3_kill,,DMZ_FOB/BOUNTY_TRAPPER_MILESTONE_3_KILL_DESC,6,,0,,,,,,,,,,,,,,,,,,,,0,TRAPPER_BOSS,1,
16204,iw9_s4_ch_fob_bounty_rhino_milestone_1,DMZ_FOB/BOUNTY_RHINO_MILESTONE_1_NAME,,1,,0,DMZ_FOB/BOUNTY_RHINO_MILESTONE_1_DETAIL_DESC,bounty_board,,,,16205,,,,,,,,223|223,,,,,ui_map_icon_boss_rushers|hud_icon_loot_workbench,0,,1,
16205,iw9_s4_ch_fob_bounty_rhino_milestone_1_kill,,DMZ_FOB/BOUNTY_RHINO_MILESTONE_1_KILL_DESC,4,,0,,,,,,,,,,,,,,,,,,,,0,RUSHER_BOSS|SNIPER_BOSS,1,
16206,iw9_s4_ch_fob_bounty_rhino_milestone_2,DMZ_FOB/BOUNTY_RHINO_MILESTONE_2_NAME,,1,,0,DMZ_FOB/BOUNTY_RHINO_MILESTONE_2_DETAIL_DESC,bounty_board,,,,16207,,,,,,,,223|223,,,,,ui_map_icon_boss_rushers|hud_icon_loot_workbench,0,,1,
16207,iw9_s4_ch_fob_bounty_rhino_milestone_2_kill,,DMZ_FOB/BOUNTY_RHINO_MILESTONE_2_KILL_DESC,10,,0,,,,,,,,,,,,,,,,,,,,0,RUSHER_BOSS|SNIPER_BOSS,1,
16208,iw9_s4_ch_fob_bounty_rhino_milestone_3,DMZ_FOB/BOUNTY_RHINO_MILESTONE_3_NAME,,1,,0,DMZ_FOB/BOUNTY_RHINO_MILESTONE_3_DETAIL_DESC,bounty_board,,,,16209,,,,,,,,223,,,,,ui_map_icon_boss_rushers|hud_icon_loot_workbench,0,,1,
16209,iw9_s4_ch_fob_bounty_rhino_milestone_3_kill,,DMZ_FOB/BOUNTY_RHINO_MILESTONE_3_KILL_DESC,20,,0,,,,,,,,,,,,,,,,,,,,0,RUSHER_BOSS|SNIPER_BOSS,1,
16214,iw9_s4_ch_fob_unlock_wallet,DMZ_FOB/UNLOCK_WALLET_NAME,,1,,0,DMZ_FOB/UNLOCK_WALLET_DETAIL_DESC,stash,,,,16215,,,,,,,,238|237,,,black_mous,1,icon_dmz_stash_unlock_wallet,0,,1,
16215,iw9_s4_ch_fob_unlock_wallet_cash,,DMZ_FOB/UNLOCK_WALLET_CASH_DESC,100000,,0,,,,,,,8395,,EXTRACT,,,,,,,,black_mous,1,,0,,1,
16216,iw9_s4_ch_fob_wallet_expansion_1,DMZ_FOB/WALLET_EXPANSION_1_NAME,,3,,0,DMZ_FOB/WALLET_EXPANSION_1_DETAIL_DESC,stash,,,,16217|16218|16219,,,,,,,,224|224|224,,,white_lotus,2,icon_dmz_stash_expand_wallet,0,,1,
16217,iw9_s4_ch_fob_wallet_expansion_1_liquor,,DMZ_FOB/WALLET_EXPANSION_1_LIQUOR_DESC,10,,0,,,,,,,13370,,EXTRACT,,,,,,,,white_lotus,2,,0,,1,
16218,iw9_s4_ch_fob_wallet_expansion_1_wine,,DMZ_FOB/WALLET_EXPANSION_1_WINE_DESC,6,,0,,,,,,,,,EXTRACT,8578|8448|8547,iw9_loot_id,,,,,,white_lotus,2,,0,,1,
16219,iw9_s4_ch_fob_wallet_expansion_1_aged_wine,,DMZ_FOB/WALLET_EXPANSION_1_AGED_WINE_DESC,2,,0,,,,,,,,,EXTRACT,8448|8547,iw9_loot_id,,,,,,white_lotus,2,,0,,1,
16220,iw9_s4_ch_fob_wallet_expansion_2,DMZ_FOB/WALLET_EXPANSION_2_NAME,,4,,0,DMZ_FOB/WALLET_EXPANSION_2_DETAIL_DESC,stash,,,,16221|16222|16223|16224,,,,,,,,224|224|224,,,white_lotus,3,icon_dmz_stash_expand_wallet,0,,1,
16221,iw9_s4_ch_fob_wallet_expansion_2_encrypted_hdd,,DMZ_FOB/WALLET_EXPANSION_2_ENCRYPTED_HDD_DESC,2,,0,,,,,,,8567,,EXTRACT,,,,,,,,white_lotus,3,,0,,1,
16222,iw9_s4_ch_fob_wallet_expansion_2_hdd,,DMZ_FOB/WALLET_EXPANSION_2_HDD_DESC,8,,0,,,,,,,,,EXTRACT,8567|13371,iw9_loot_id,,,,,,white_lotus,3,,0,,1,
16223,iw9_s4_ch_fob_wallet_expansion_2_usb_stick,,DMZ_FOB/WALLET_EXPANSION_2_USB_STICK_DESC,4,,0,,,,,,,,,EXTRACT,13357|32005,iw9_loot_id,,,,,,white_lotus,3,,0,,1,
16224,iw9_s4_ch_fob_wallet_expansion_2_laptop,,DMZ_FOB/WALLET_EXPANSION_2_LAPTOP_DESC,4,,0,,,,,,,,,EXTRACT,13356|29315,iw9_loot_id,,,,,,white_lotus,3,,0,,1,
16225,iw9_s4_ch_fob_wallet_expansion_3,DMZ_FOB/WALLET_EXPANSION_3_NAME,,1,,0,DMZ_FOB/WALLET_EXPANSION_3_DETAIL_DESC,stash,,,,16226,,,,,,,,224|224,,,white_lotus,5,icon_dmz_stash_expand_wallet,0,,1,
16226,iw9_s4_ch_fob_wallet_expansion_3_gpu,,DMZ_FOB/WALLET_EXPANSION_3_GPU_DESC,2,,0,,,,,,,15415,,EXTRACT,,,,,,,,white_lotus,5,,0,,1,
16227,iw9_s4_ch_fob_wallet_expansion_4,DMZ_FOB/WALLET_EXPANSION_4_NAME,,2,,0,DMZ_FOB/WALLET_EXPANSION_4_DETAIL_DESC,stash,,,,16228|16229,,,,,,,,224|224,,,white_lotus,7,icon_dmz_stash_expand_wallet,0,,1,
16228,iw9_s4_ch_fob_wallet_expansion_4_wine,,DMZ_FOB/WALLET_EXPANSION_4_WINE_DESC,6,,0,,,,,,,8547,,EXTRACT,,,,,,,,white_lotus,7,,0,,1,
16229,iw9_s4_ch_fob_wallet_expansion_4_whiskey,,DMZ_FOB/WALLET_EXPANSION_4_WHISKEY_DESC,16,,0,,,,,,,21913,,EXTRACT,,,,,,,,white_lotus,7,,0,,1,
16230,iw9_s4_ch_fob_wallet_expansion_5,DMZ_FOB/WALLET_EXPANSION_5_NAME,,2,,0,DMZ_FOB/WALLET_EXPANSION_5_DETAIL_DESC,stash,,,,16231|16232,,,,,,,,224|224,,,white_lotus,9,icon_dmz_stash_expand_wallet,0,,1,
16231,iw9_s4_ch_fob_wallet_expansion_5_skulls,,DMZ_FOB/WALLET_EXPANSION_5_SKULLS_DESC,6,,0,,,,,,,8619,,EXTRACT,,,,,,,,white_lotus,9,,0,,1,
16232,iw9_s4_ch_fob_wallet_expansion_5_bars,,DMZ_FOB/WALLET_EXPANSION_5_BARS_DESC,10,,0,,,,,,,13355,,EXTRACT,,,,,,,,white_lotus,9,,0,,1,
16233,iw9_s4_ch_fob_stash_expansion_1,DMZ_FOB/STASH_EXPANSION_1_NAME,,2,27239|27239|27239|27239|27239|27240|27240|27240|27240|27240,0,DMZ_FOB/STASH_EXPANSION_1_DETAIL_DESC,stash,,,,16234|16235,,,,,,,,,,,black_mous,3,icon_dmz_stash_expand_keystash,0,,1,
16234,iw9_s4_ch_fob_stash_expansion_1_rods,,DMZ_FOB/STASH_EXPANSION_1_RODS_DESC,10,,0,,,,,,,8569,,EXTRACT,,,,,,,,black_mous,3,,0,,1,
16235,iw9_s4_ch_fob_stash_expansion_1_iodine,,DMZ_FOB/STASH_EXPANSION_1_IODINE_DESC,2,,0,,,,,,,8473,,EXTRACT,,,,,,,,black_mous,3,,0,,1,
16236,iw9_s4_ch_fob_stash_expansion_2,DMZ_FOB/STASH_EXPANSION_2_NAME,,3,27239|27239|27239|27239|27239|27240|27240|27240|27240|27240,0,DMZ_FOB/STASH_EXPANSION_2_DETAIL_DESC,stash,,,,16237|16238|16239,,,,,,,,,,,black_mous,4,icon_dmz_stash_expand_keystash,0,,1,
16237,iw9_s4_ch_fob_stash_expansion_2_item1,,DMZ_FOB/STASH_EXPANSION_2_ITEM1_DESC,9,,0,,,,,,,21898,,EXTRACT,,,,,,,,black_mous,4,,0,,1,
16238,iw9_s4_ch_fob_stash_expansion_2_item2,,DMZ_FOB/STASH_EXPANSION_2_ITEM2_DESC,5,,0,,,,,,,,,EXTRACT,13366|8501,iw9_loot_id,,,,,,black_mous,4,,0,,1,
16239,iw9_s4_ch_fob_stash_expansion_2_item3,,DMZ_FOB/STASH_EXPANSION_2_ITEM3_DESC,3,,0,,,,,,,8374,,EXTRACT,,,,,,,,black_mous,4,,0,,1,
16240,iw9_s4_ch_fob_stash_expansion_3,DMZ_FOB/STASH_EXPANSION_3_NAME,,3,27239|27239|27239|27239|27240|27240|27240|27240,0,DMZ_FOB/STASH_EXPANSION_3_DETAIL_DESC,stash,,,,16241|16242|16243,,,,,,,,,,,black_mous,5,icon_dmz_stash_expand_keystash,0,,1,
16241,iw9_s4_ch_fob_stash_expansion_3_item1,,DMZ_FOB/STASH_EXPANSION_3_ITEM1_DESC,5,,0,,,,,,,19253,,EXTRACT,,,,,,,,black_mous,5,,0,,1,
16242,iw9_s4_ch_fob_stash_expansion_3_item2,,DMZ_FOB/STASH_EXPANSION_3_ITEM2_DESC,10,,0,,,,,,,19249,,EXTRACT,,,,,,,,black_mous,5,,0,,1,
16243,iw9_s4_ch_fob_stash_expansion_3_item3,,DMZ_FOB/STASH_EXPANSION_3_ITEM3_DESC,15,,0,,,,,,,19248,,EXTRACT,,,,,,,,black_mous,5,,0,,1,
16244,iw9_s4_ch_fob_stash_expansion_4,DMZ_FOB/STASH_EXPANSION_4_NAME,,4,27239|27239|27239|27240|27240|27240,0,DMZ_FOB/STASH_EXPANSION_4_DETAIL_DESC,stash,,,,16245|16246|16247|16248,,,,,,,,,,,black_mous,7,icon_dmz_stash_expand_keystash,0,,1,
16245,iw9_s4_ch_fob_stash_expansion_4_item1,,DMZ_FOB/STASH_EXPANSION_4_ITEM1_DESC,5,,0,,,,,,,13367,,EXTRACT,,,,,,,,black_mous,7,,0,,1,
16246,iw9_s4_ch_fob_stash_expansion_4_item2,,DMZ_FOB/STASH_EXPANSION_4_ITEM2_DESC,5,,0,,,,,,,13368,,EXTRACT,,,,,,,,black_mous,7,,0,,1,
16247,iw9_s4_ch_fob_stash_expansion_4_item3,,DMZ_FOB/STASH_EXPANSION_4_ITEM3_DESC,1,,0,,,,,,,11333,,EXTRACT,,,,,,,,black_mous,7,,0,,1,
16248,iw9_s4_ch_fob_stash_expansion_4_item4,,DMZ_FOB/STASH_EXPANSION_4_ITEM4_DESC,3,,0,,,,,,,,16,EXTRACT,,,,,,,,black_mous,7,,0,,1,
16249,iw9_s4_ch_fob_stash_expansion_5,DMZ_FOB/STASH_EXPANSION_5_NAME,,3,27239|27239|27239|27240|27240|27240,0,DMZ_FOB/STASH_EXPANSION_5_DETAIL_DESC,stash,,,,16250|16251|16252,,,,,,,,,,,black_mous,9,icon_dmz_stash_expand_keystash,0,,1,
16250,iw9_s4_ch_fob_stash_expansion_5_item1,,DMZ_FOB/STASH_EXPANSION_5_ITEM1_DESC,40,,0,,,,,,,,,EXTRACT,13364|8618|8580,iw9_loot_id,,,,,,black_mous,9,,0,,1,
16251,iw9_s4_ch_fob_stash_expansion_5_item2,,DMZ_FOB/STASH_EXPANSION_5_ITEM2_DESC,16,,0,,,,,,,,,EXTRACT,8618|8580,iw9_loot_id,,,,,,black_mous,9,,0,,1,
16252,iw9_s4_ch_fob_stash_expansion_5_item3,,DMZ_FOB/STASH_EXPANSION_5_ITEM3_DESC,8,,0,,,,,,,8580,,EXTRACT,,,,,,,,black_mous,9,,0,,1,
16350,iw9_s4_ch_fob_insured_slot_unlock_2,DMZ_FOB/INSURED_SLOT_UNLOCK_2_NAME,,3,32103,0,DMZ_FOB/INSURED_SLOT_UNLOCK_2_DETAIL_DESC,weapons_locker,,,,16351|16352|16353,,,,,,,,,,,black_mous,3,icon_dmz_weaponslocker_reduce_weapon_cooldown_insured,0,,1,
16351,iw9_s4_ch_fob_insured_slot_unlock_2_item1,,DMZ_FOB/INSURED_SLOT_UNLOCK_2_ITEM1_DESC,3,,0,,,,,,,19248,,EXTRACT,,,,,,,,black_mous,3,,0,,1,
16352,iw9_s4_ch_fob_insured_slot_unlock_2_item2,,DMZ_FOB/INSURED_SLOT_UNLOCK_2_ITEM2_DESC,1,,0,,,,,,,,,EXTRACT,19249|19253,iw9_loot_id,,,,,,black_mous,3,,0,,1,
16353,iw9_s4_ch_fob_insured_slot_unlock_2_item3,,DMZ_FOB/INSURED_SLOT_UNLOCK_2_ITEM3_DESC,1,,0,,,,,,,,,EXTRACT,,,,,,,,black_mous,3,,0,,1,
16354,iw9_s4_ch_fob_insured_slot_unlock_3,DMZ_FOB/INSURED_SLOT_UNLOCK_3_NAME,,4,32104,0,DMZ_FOB/INSURED_SLOT_UNLOCK_3_DETAIL_DESC,weapons_locker,,,,16355|16356|16357|16358,,,,,,,,,,,black_mous,3,icon_dmz_weaponslocker_reduce_weapon_cooldown_insured,0,,1,
16355,iw9_s4_ch_fob_insured_slot_unlock_3_item1,,DMZ_FOB/INSURED_SLOT_UNLOCK_3_ITEM1_DESC,5,,0,,,,,,,15415,,EXTRACT,,,,,,,,black_mous,3,,0,,1,
16356,iw9_s4_ch_fob_insured_slot_unlock_3_item2,,DMZ_FOB/INSURED_SLOT_UNLOCK_3_ITEM2_DESC,10,,0,,,,,,,13355,,EXTRACT,,,,,,,,black_mous,3,,0,,1,
16357,iw9_s4_ch_fob_insured_slot_unlock_3_item3,,DMZ_FOB/INSURED_SLOT_UNLOCK_3_ITEM3_DESC,8,,0,,,,,,,8619,,EXTRACT,,,,,,,,black_mous,3,,0,,1,
16358,iw9_s4_ch_fob_insured_slot_unlock_3_item4,,DMZ_FOB/INSURED_SLOT_UNLOCK_3_ITEM4_DESC,10,,0,,,,,,,,,EXTRACT,,,,,,,,black_mous,3,,0,,1,
16359,iw9_s4_ch_fob_insured_slot_1_cooldown_1,DMZ_FOB/INSURED_SLOT_1_COOLDOWN_1_NAME,,3,,0,DMZ_FOB/INSURED_SLOT_1_COOLDOWN_1_DETAIL_DESC,weapons_locker,,,,16360|16361|16362,,,,,,,,225|225|225|225|225,,,phalanx,2,icon_dmz_weaponslocker_reduce_weapon_cooldown_insured,0,,1,
16360,iw9_s4_ch_fob_insured_slot_1_cooldown_1_item1,,DMZ_FOB/INSURED_SLOT_1_COOLDOWN_1_ITEM1_DESC,4,,0,,,,,,,8369,,EXTRACT,,,,,,,,phalanx,2,,0,,1,
16361,iw9_s4_ch_fob_insured_slot_1_cooldown_1_item2,,DMZ_FOB/INSURED_SLOT_1_COOLDOWN_1_ITEM2_DESC,3,,0,,,,,,,8580,,EXTRACT,,,,,,,,phalanx,2,,0,,1,
16362,iw9_s4_ch_fob_insured_slot_1_cooldown_1_item3,,DMZ_FOB/INSURED_SLOT_1_COOLDOWN_1_ITEM3_DESC,400000,,0,,,,,,,8395,,EXTRACT,,,,,,,,phalanx,2,,0,,1,
16363,iw9_s4_ch_fob_insured_slot_2_cooldown_1,DMZ_FOB/INSURED_SLOT_2_COOLDOWN_1_NAME,,3,,0,DMZ_FOB/INSURED_SLOT_2_COOLDOWN_1_DETAIL_DESC,weapons_locker,,,,16364|16365|16366,,,,,,,,226|226|226|226|226,,,phalanx,4,icon_dmz_weaponslocker_reduce_weapon_cooldown_insured,0,,1,
16364,iw9_s4_ch_fob_insured_slot_2_cooldown_1_item1,,DMZ_FOB/INSURED_SLOT_2_COOLDOWN_1_ITEM1_DESC,8,,0,,,,,,,8549,,EXTRACT,,,,,,,,phalanx,4,,0,,1,
16365,iw9_s4_ch_fob_insured_slot_2_cooldown_1_item2,,DMZ_FOB/INSURED_SLOT_2_COOLDOWN_1_ITEM2_DESC,8,,0,,,,,,,8417,,EXTRACT,,,,,,,,phalanx,4,,0,,1,
16366,iw9_s4_ch_fob_insured_slot_2_cooldown_1_item3,,DMZ_FOB/INSURED_SLOT_2_COOLDOWN_1_ITEM3_DESC,4,,0,,,,,,,,,EXTRACT,8448|8547,iw9_loot_id,,,,,,phalanx,4,,0,,1,
16367,iw9_s4_ch_fob_insured_slot_3_cooldown_1,DMZ_FOB/INSURED_SLOT_3_COOLDOWN_1_NAME,,2,,0,DMZ_FOB/INSURED_SLOT_3_COOLDOWN_1_DETAIL_DESC,weapons_locker,,,,16368|16369,,,,,,,,227|227|227|227|227,,,phalanx,6,icon_dmz_weaponslocker_reduce_weapon_cooldown_insured,0,,1,
16368,iw9_s4_ch_fob_insured_slot_3_cooldown_1_item1,,DMZ_FOB/INSURED_SLOT_3_COOLDOWN_1_ITEM1_DESC,35,,0,,,,,,,21898,,EXTRACT,,,,,,,,phalanx,6,,0,,1,
16369,iw9_s4_ch_fob_insured_slot_3_cooldown_1_item2,,DMZ_FOB/INSURED_SLOT_3_COOLDOWN_1_ITEM2_DESC,20,,0,,,,,,,13359,,EXTRACT,,,,,,,,phalanx,6,,0,,1,
16372,iw9_s4_ch_fob_insured_slot_1_cooldown_2,DMZ_FOB/INSURED_SLOT_1_COOLDOWN_2_NAME,,4,,0,DMZ_FOB/INSURED_SLOT_1_COOLDOWN_2_DETAIL_DESC,weapons_locker,,,,16373|16374|16375|16376,,,,,,,,225|225|225|225|225,,,phalanx,8,icon_dmz_weaponslocker_reduce_weapon_cooldown_insured,0,,1,
16373,iw9_s4_ch_fob_insured_slot_1_cooldown_2_item1,,DMZ_FOB/INSURED_SLOT_1_COOLDOWN_2_ITEM1_DESC,12,,0,,,,,,,13363,,EXTRACT,,,,,,,,phalanx,8,,0,,1,
16374,iw9_s4_ch_fob_insured_slot_1_cooldown_2_item2,,DMZ_FOB/INSURED_SLOT_1_COOLDOWN_2_ITEM2_DESC,15,,0,,,,,,,8379,,EXTRACT,,,,,,,,phalanx,8,,0,,1,
16375,iw9_s4_ch_fob_insured_slot_1_cooldown_2_item3,,DMZ_FOB/INSURED_SLOT_1_COOLDOWN_2_ITEM3_DESC,7,,0,,,,,,,13361,,EXTRACT,,,,,,,,phalanx,8,,0,,1,
16376,iw9_s4_ch_fob_insured_slot_1_cooldown_2_item4,,DMZ_FOB/INSURED_SLOT_1_COOLDOWN_2_ITEM4_DESC,5,,0,,,,,,,,,EXTRACT,,,,,,,,phalanx,8,,0,,1,
16427,iw9_s4_ch_fob_insured_slot_2_cooldown_2,DMZ_FOB/INSURED_SLOT_2_COOLDOWN_2_NAME,,6,,0,DMZ_FOB/INSURED_SLOT_2_COOLDOWN_2_DETAIL_DESC,weapons_locker,,,,16428|16429|16430|16431|16432|16433,,,,,,,,226|226|226|226|226,,,phalanx,11,icon_dmz_weaponslocker_reduce_weapon_cooldown_insured,0,,1,
16428,iw9_s4_ch_fob_insured_slot_2_cooldown_2_item1,,DMZ_FOB/INSURED_SLOT_2_COOLDOWN_2_ITEM1_DESC,4,,0,,,,,,,28929,,EXTRACT,,,,,,,,phalanx,11,,0,,1,
16429,iw9_s4_ch_fob_insured_slot_2_cooldown_2_item2,,DMZ_FOB/INSURED_SLOT_2_COOLDOWN_2_ITEM2_DESC,4,,0,,,,,,,28930,,EXTRACT,,,,,,,,phalanx,11,,0,,1,
16430,iw9_s4_ch_fob_insured_slot_2_cooldown_2_item3,,DMZ_FOB/INSURED_SLOT_2_COOLDOWN_2_ITEM3_DESC,4,,0,,,,,,,32001,,EXTRACT,,,,,,,,phalanx,11,,0,,1,
16431,iw9_s4_ch_fob_insured_slot_2_cooldown_2_item4,,DMZ_FOB/INSURED_SLOT_2_COOLDOWN_2_ITEM4_DESC,4,,0,,,,,,,32002,,EXTRACT,,,,,,,,phalanx,11,,0,,1,
16432,iw9_s4_ch_fob_insured_slot_2_cooldown_2_item5,,DMZ_FOB/INSURED_SLOT_2_COOLDOWN_2_ITEM5_DESC,4,,0,,,,,,,32003,,EXTRACT,,,,,,,,phalanx,11,,0,,1,
16433,iw9_s4_ch_fob_insured_slot_2_cooldown_2_item6,,DMZ_FOB/INSURED_SLOT_2_COOLDOWN_2_ITEM6_DESC,4,,0,,,,,,,32000,,EXTRACT,,,,,,,,phalanx,11,,0,,1,
16434,iw9_s4_ch_fob_insured_slot_3_cooldown_2,DMZ_FOB/INSURED_SLOT_3_COOLDOWN_2_NAME,,5,,0,DMZ_FOB/INSURED_SLOT_3_COOLDOWN_2_DETAIL_DESC,weapons_locker,,,,16435|16436|16437|16438|16439,,,,,,,,227|227|227|227|227,,,phalanx,14,icon_dmz_weaponslocker_reduce_weapon_cooldown_insured,0,,1,
16435,iw9_s4_ch_fob_insured_slot_3_cooldown_2_item1,,DMZ_FOB/INSURED_SLOT_3_COOLDOWN_2_ITEM1_DESC,10,,0,,,,,,,,16,EXTRACT,,,,,,,,phalanx,14,,0,,1,
16436,iw9_s4_ch_fob_insured_slot_3_cooldown_2_item2,,DMZ_FOB/INSURED_SLOT_3_COOLDOWN_2_ITEM2_DESC,1,,0,,,,,,,13446,,EXTRACT,,,,,,,,phalanx,14,,0,,1,
16437,iw9_s4_ch_fob_insured_slot_3_cooldown_2_item3,,DMZ_FOB/INSURED_SLOT_3_COOLDOWN_2_ITEM3_DESC,2,,0,,,,,,,13447,,EXTRACT,,,,,,,,phalanx,14,,0,,1,
16438,iw9_s4_ch_fob_insured_slot_3_cooldown_2_item4,,DMZ_FOB/INSURED_SLOT_3_COOLDOWN_2_ITEM4_DESC,3,,0,,,,,,,13445,,EXTRACT,,,,,,,,phalanx,14,,0,,1,
16439,iw9_s4_ch_fob_insured_slot_3_cooldown_2_item5,,DMZ_FOB/INSURED_SLOT_3_COOLDOWN_2_ITEM5_DESC,3,,0,,,,,,,,17,EXTRACT,,,,,,,,phalanx,14,,0,,1,
16448,iw9_s4_ch_fob_weapon_stash_expansion_1,DMZ_FOB/WEAPON_STASH_EXPANSION_1_NAME,,2,27238|27238|27238|27238|27238,0,DMZ_FOB/WEAPON_STASH_EXPANSION_1_DETAIL_DESC,weapons_locker,,,,16449|16450,,,,,,,,,,,black_mous,4,icon_dmz_weaponslocker_expand_contraband_slot,0,,1,
16449,iw9_s4_ch_fob_weapon_stash_expansion_1_item1,,DMZ_FOB/WEAPON_STASH_EXPANSION_1_ITEM1_DESC,4,,0,,,,,,,13357,,EXTRACT,,,,,,,,black_mous,4,,0,,1,
16450,iw9_s4_ch_fob_weapon_stash_expansion_1_item2,,DMZ_FOB/WEAPON_STASH_EXPANSION_1_ITEM2_DESC,5,,0,,,,,,,13371,,EXTRACT,,,,,,,,black_mous,4,,0,,1,
16453,iw9_s4_ch_fob_weapon_stash_expansion_2,DMZ_FOB/WEAPON_STASH_EXPANSION_2_NAME,,2,27238|27238|27238|27238|27238,0,DMZ_FOB/WEAPON_STASH_EXPANSION_2_DETAIL_DESC,weapons_locker,,,,16454|16455,,,,,,,,,,,black_mous,6,icon_dmz_weaponslocker_expand_contraband_slot,0,,1,
16454,iw9_s4_ch_fob_weapon_stash_expansion_2_item1,,DMZ_FOB/WEAPON_STASH_EXPANSION_2_ITEM1_DESC,4,,0,,,,,,,,16,EXTRACT,,,,,,,,black_mous,6,,0,,1,
16455,iw9_s4_ch_fob_weapon_stash_expansion_2_item2,,DMZ_FOB/WEAPON_STASH_EXPANSION_2_ITEM2_DESC,4,,0,,,,,,,11079,,EXTRACT,,,,,,,,black_mous,6,,0,,1,
16456,iw9_s4_ch_fob_weapon_stash_expansion_3,DMZ_FOB/WEAPON_STASH_EXPANSION_3_NAME,,2,27238|27238|27238|27238,0,DMZ_FOB/WEAPON_STASH_EXPANSION_3_DETAIL_DESC,weapons_locker,,,,16457|16458,,,,,,,,,,,black_mous,8,icon_dmz_weaponslocker_expand_contraband_slot,0,,1,
16457,iw9_s4_ch_fob_weapon_stash_expansion_3_item1,,DMZ_FOB/WEAPON_STASH_EXPANSION_3_ITEM1_DESC,6,,0,,,,,,,,,EXTRACT,18067|18068|18069|21904|21905|21906,iw9_loot_id,,,,,,black_mous,8,,0,,1,
16458,iw9_s4_ch_fob_weapon_stash_expansion_3_item2,,DMZ_FOB/WEAPON_STASH_EXPANSION_3_ITEM2_DESC,1,,0,,,,,,,,,EXTRACT,21904|21905|21906,iw9_loot_id,,,,,,black_mous,8,,0,,1,
16459,iw9_s4_ch_fob_weapon_stash_expansion_4,DMZ_FOB/WEAPON_STASH_EXPANSION_4_NAME,,3,27238|27238|27238,0,DMZ_FOB/WEAPON_STASH_EXPANSION_4_DETAIL_DESC,weapons_locker,,,,16460|16461|16462,,,,,,,,,,,black_mous,11,icon_dmz_weaponslocker_expand_contraband_slot,0,,1,
16460,iw9_s4_ch_fob_weapon_stash_expansion_4_item1,,DMZ_FOB/WEAPON_STASH_EXPANSION_4_ITEM1_DESC,15,,0,,,,,,,8372,,EXTRACT,,,,,,,,black_mous,11,,0,,1,
16461,iw9_s4_ch_fob_weapon_stash_expansion_4_item2,,DMZ_FOB/WEAPON_STASH_EXPANSION_4_ITEM2_DESC,5,,0,,,,,,,,,EXTRACT,8410|23990|17892|17893|24000,iw9_loot_id,,,,,,black_mous,11,,0,,1,
16462,iw9_s4_ch_fob_weapon_stash_expansion_4_item3,,DMZ_FOB/WEAPON_STASH_EXPANSION_4_ITEM3_DESC,3,,0,,,,,,,9224,,EXTRACT,,,,,,,,black_mous,11,,0,,1,
16463,iw9_s4_ch_fob_weapon_stash_expansion_5,DMZ_FOB/WEAPON_STASH_EXPANSION_5_NAME,,3,27238|27238|27238,0,DMZ_FOB/WEAPON_STASH_EXPANSION_5_DETAIL_DESC,weapons_locker,,,,16464|16465|16466,,,,,,,,,,,black_mous,14,icon_dmz_weaponslocker_expand_contraband_slot,0,,1,
16464,iw9_s4_ch_fob_weapon_stash_expansion_5_item1,,DMZ_FOB/WEAPON_STASH_EXPANSION_5_ITEM1_DESC,10,,0,,,,,,,,,EXTRACT,9145|29618|9179,iw9_loot_id,,,,,,black_mous,14,,0,,1,
16465,iw9_s4_ch_fob_weapon_stash_expansion_5_item2,,DMZ_FOB/WEAPON_STASH_EXPANSION_5_ITEM2_DESC,12,,0,,,,,,,9243,,EXTRACT,,,,,,,,black_mous,14,,0,,1,
16466,iw9_s4_ch_fob_weapon_stash_expansion_5_item3,,DMZ_FOB/WEAPON_STASH_EXPANSION_5_ITEM3_DESC,20,,0,,,,,,,8567,,EXTRACT,,,,,,,,black_mous,14,,0,,1,
16475,iw9_s4_ch_fob_weapon_stash_expansion_premium_1,DMZ_FOB/WEAPON_STASH_EXPANSION_PREMIUM_1_NAME,,2,27238|27238|27238,0,DMZ_FOB/WEAPON_STASH_EXPANSION_PREMIUM_5_DETAIL_DESC,weapons_locker,,,,16476|16477,,,,,,,,,,,crown,4,icon_dmz_weaponslocker_expand_contraband_slot,0,,1,
16476,iw9_s4_ch_fob_weapon_stash_expansion_premium_1_item1,,DMZ_FOB/WEAPON_STASH_EXPANSION_PREMIUM_1_ITEM1_DESC,9,,0,,,,,,,9111,,EXTRACT,,,,,,,,crown,4,,0,,1,
16477,iw9_s4_ch_fob_weapon_stash_expansion_premium_1_item2,,DMZ_FOB/WEAPON_STASH_EXPANSION_PREMIUM_1_ITEM2_DESC,6,,0,,,,,,,13365,,EXTRACT,,,,,,,,crown,4,,0,,1,
16478,iw9_s4_ch_fob_weapon_stash_expansion_premium_2,DMZ_FOB/WEAPON_STASH_EXPANSION_PREMIUM_2_NAME,,2,27238|27238|27238,0,DMZ_FOB/WEAPON_STASH_EXPANSION_PREMIUM_5_DETAIL_DESC,weapons_locker,,,,16479|16480,,,,,,,,,,,crown,6,icon_dmz_weaponslocker_expand_contraband_slot,0,,1,
16479,iw9_s4_ch_fob_weapon_stash_expansion_premium_2_item1,,DMZ_FOB/WEAPON_STASH_EXPANSION_PREMIUM_2_ITEM1_DESC,15,,0,,,,,,,,,EXTRACT,13359|13366|8501|21898|13364|8618|8580,iw9_loot_id,,,,,,crown,6,,0,,1,
16480,iw9_s4_ch_fob_weapon_stash_expansion_premium_2_item2,,DMZ_FOB/WEAPON_STASH_EXPANSION_PREMIUM_2_ITEM2_DESC,5,,0,,,,,,,,,EXTRACT,8540|23395,iw9_loot_id,,,,,,crown,6,,0,,1,
16481,iw9_s4_ch_fob_weapon_stash_expansion_premium_3,DMZ_FOB/WEAPON_STASH_EXPANSION_PREMIUM_3_NAME,,3,27238|27238|27238,0,DMZ_FOB/WEAPON_STASH_EXPANSION_PREMIUM_5_DETAIL_DESC,weapons_locker,,,,16482|16483|16484,,,,,,,,,,,crown,8,icon_dmz_weaponslocker_expand_contraband_slot,0,,1,
16482,iw9_s4_ch_fob_weapon_stash_expansion_premium_3_item1,,DMZ_FOB/WEAPON_STASH_EXPANSION_PREMIUM_3_ITEM1_DESC,16,,0,,,,,,,11300,,EXTRACT,,,,,,,,crown,8,,0,,1,
16483,iw9_s4_ch_fob_weapon_stash_expansion_premium_3_item2,,DMZ_FOB/WEAPON_STASH_EXPANSION_PREMIUM_3_ITEM2_DESC,12,,0,,,,,,,11299,,EXTRACT,,,,,,,,crown,8,,0,,1,
16484,iw9_s4_ch_fob_weapon_stash_expansion_premium_3_item3,,DMZ_FOB/WEAPON_STASH_EXPANSION_PREMIUM_3_ITEM3_DESC,8,,0,,,,,,,11298,,EXTRACT,,,,,,,,crown,8,,0,,1,
16485,iw9_s4_ch_fob_weapon_stash_expansion_premium_4,DMZ_FOB/WEAPON_STASH_EXPANSION_PREMIUM_4_NAME,,5,27238|27238|27238,0,DMZ_FOB/WEAPON_STASH_EXPANSION_PREMIUM_5_DETAIL_DESC,weapons_locker,,,,16486|16487|16488|16489|16490,,,,,,,,,,,crown,11,icon_dmz_weaponslocker_expand_contraband_slot,0,,1,
16486,iw9_s4_ch_fob_weapon_stash_expansion_premium_4_item1,,DMZ_FOB/WEAPON_STASH_EXPANSION_PREMIUM_4_ITEM1_DESC,3500,,0,,,,,,,8595,,EXTRACT,,,,,,,,crown,11,,0,,1,
16487,iw9_s4_ch_fob_weapon_stash_expansion_premium_4_item2,,DMZ_FOB/WEAPON_STASH_EXPANSION_PREMIUM_4_ITEM2_DESC,6500,,0,,,,,,,8434,,EXTRACT,,,,,,,,crown,11,,0,,1,
16488,iw9_s4_ch_fob_weapon_stash_expansion_premium_4_item3,,DMZ_FOB/WEAPON_STASH_EXPANSION_PREMIUM_4_ITEM3_DESC,1200,,0,,,,,,,8486,,EXTRACT,,,,,,,,crown,11,,0,,1,
16489,iw9_s4_ch_fob_weapon_stash_expansion_premium_4_item4,,DMZ_FOB/WEAPON_STASH_EXPANSION_PREMIUM_4_ITEM4_DESC,120,,0,,,,,,,8627,,EXTRACT,,,,,,,,crown,11,,0,,1,
16490,iw9_s4_ch_fob_weapon_stash_expansion_premium_4_item5,,DMZ_FOB/WEAPON_STASH_EXPANSION_PREMIUM_4_ITEM5_DESC,800,,0,,,,,,,8542,,EXTRACT,,,,,,,,crown,11,,0,,1,
16491,iw9_s4_ch_fob_weapon_stash_expansion_premium_5,DMZ_FOB/WEAPON_STASH_EXPANSION_PREMIUM_5_NAME,,3,27238|27238|27238,0,DMZ_FOB/WEAPON_STASH_EXPANSION_PREMIUM_5_DETAIL_DESC,weapons_locker,,,,16492|16493|16494,,,,,,,,,,,crown,14,icon_dmz_weaponslocker_expand_contraband_slot,0,,1,
16492,iw9_s4_ch_fob_weapon_stash_expansion_premium_5_item1,,DMZ_FOB/WEAPON_STASH_EXPANSION_PREMIUM_5_ITEM1_DESC,30,,0,,,,,,,,,EXTRACT,8400|8590,iw9_loot_id,,,,,,crown,14,,0,,1,
16493,iw9_s4_ch_fob_weapon_stash_expansion_premium_5_item2,,DMZ_FOB/WEAPON_STASH_EXPANSION_PREMIUM_5_ITEM2_DESC,10,,0,,,,,,,8590,,EXTRACT,,,,,,,,crown,14,,0,,1,
16494,iw9_s4_ch_fob_weapon_stash_expansion_premium_5_item3,,DMZ_FOB/WEAPON_STASH_EXPANSION_PREMIUM_5_ITEM3_DESC,15,,0,,,,,,,8473,,EXTRACT,,,,,,,,crown,14,,0,,1,
16495,iw9_s4_ch_fob_wallet_expansion_premium_1,DMZ_FOB/WALLET_EXPANSION_PREMIUM_1_NAME,,3,,0,DMZ_FOB/WALLET_EXPANSION_PREMIUM_1_DETAIL_DESC,stash,,,,16496|16497|16498,,,,,,,,224|224,,,crown,3,icon_dmz_stash_expand_wallet,0,,1,
16496,iw9_s4_ch_fob_wallet_expansion_premium_1_item1,,DMZ_FOB/WALLET_EXPANSION_PREMIUM_1_ITEM1_DESC,5,,0,,,,,,,13372,,EXTRACT,,,,,,,,crown,3,,0,,1,
16497,iw9_s4_ch_fob_wallet_expansion_premium_1_item2,,DMZ_FOB/WALLET_EXPANSION_PREMIUM_1_ITEM2_DESC,2,,0,,,,,,,8519,,EXTRACT,,,,,,,,crown,3,,0,,1,
16498,iw9_s4_ch_fob_wallet_expansion_premium_1_item3,,DMZ_FOB/WALLET_EXPANSION_PREMIUM_1_ITEM3_DESC,3,,0,,,,,,,8369,,EXTRACT,,,,,,,,crown,3,,0,,1,
16499,iw9_s4_ch_fob_wallet_expansion_premium_2,DMZ_FOB/WALLET_EXPANSION_PREMIUM_2_NAME,,3,,0,DMZ_FOB/WALLET_EXPANSION_PREMIUM_2_DETAIL_DESC,stash,,,,16500|16501|16502,,,,,,,,224,,,crown,4,icon_dmz_stash_expand_wallet,0,,1,
16500,iw9_s4_ch_fob_wallet_expansion_premium_2_item1,,DMZ_FOB/WALLET_EXPANSION_PREMIUM_2_ITEM1_DESC,8,,0,,,,,,,13369,,EXTRACT,,,,,,,,crown,4,,0,,1,
16501,iw9_s4_ch_fob_wallet_expansion_premium_2_item2,,DMZ_FOB/WALLET_EXPANSION_PREMIUM_2_ITEM2_DESC,3,,0,,,,,,,11298,,EXTRACT,,,,,,,,crown,4,,0,,1,
16502,iw9_s4_ch_fob_wallet_expansion_premium_2_item3,,DMZ_FOB/WALLET_EXPANSION_PREMIUM_2_ITEM3_DESC,6,,0,,,,,,,11299,,EXTRACT,,,,,,,,crown,4,,0,,1,
16504,iw9_s4_ch_fob_wallet_expansion_premium_3,DMZ_FOB/WALLET_EXPANSION_PREMIUM_3_NAME,,4,,0,DMZ_FOB/WALLET_EXPANSION_PREMIUM_3_DETAIL_DESC,stash,,,,16505|16506|16507|16508,,,,,,,,224,,,crown,5,icon_dmz_stash_expand_wallet,0,,1,
16505,iw9_s4_ch_fob_wallet_expansion_premium_3_item1,,DMZ_FOB/WALLET_EXPANSION_PREMIUM_3_ITEM1_DESC,5,,0,,,,,,,29315,,EXTRACT,,,,,,,,crown,5,,0,,1,
16506,iw9_s4_ch_fob_wallet_expansion_premium_3_item2,,DMZ_FOB/WALLET_EXPANSION_PREMIUM_3_ITEM2_DESC,10,,0,,,,,,,13367,,EXTRACT,,,,,,,,crown,5,,0,,1,
16507,iw9_s4_ch_fob_wallet_expansion_premium_3_item3,,DMZ_FOB/WALLET_EXPANSION_PREMIUM_3_ITEM3_DESC,500000,,0,,,,,,,8395,,EXTRACT,,,,,,,,crown,5,,0,,1,
16508,iw9_s4_ch_fob_wallet_expansion_premium_3_item4,,DMZ_FOB/WALLET_EXPANSION_PREMIUM_3_ITEM4_DESC,4,,0,,,,,,,8567,,EXTRACT,,,,,,,,crown,5,,0,,1,
16509,iw9_s4_ch_fob_wallet_expansion_premium_4,DMZ_FOB/WALLET_EXPANSION_PREMIUM_4_NAME,,4,,0,DMZ_FOB/WALLET_EXPANSION_PREMIUM_4_DETAIL_DESC,stash,,,,16510|16511|16512|16513,,,,,,,,224,,,crown,7,icon_dmz_stash_expand_wallet,0,,1,
16510,iw9_s4_ch_fob_wallet_expansion_premium_4_item1,,DMZ_FOB/WALLET_EXPANSION_PREMIUM_4_ITEM1_DESC,4,,0,,,,,,,15415,,EXTRACT,,,,,,,,crown,7,,0,,1,
16511,iw9_s4_ch_fob_wallet_expansion_premium_4_item2,,DMZ_FOB/WALLET_EXPANSION_PREMIUM_4_ITEM2_DESC,10,,0,,,,,,,13360,,EXTRACT,,,,,,,,crown,7,,0,,1,
16512,iw9_s4_ch_fob_wallet_expansion_premium_4_item3,,DMZ_FOB/WALLET_EXPANSION_PREMIUM_4_ITEM3_DESC,10,,0,,,,,,,11301,,EXTRACT,,,,,,,,crown,7,,0,,1,
16513,iw9_s4_ch_fob_wallet_expansion_premium_4_item4,,DMZ_FOB/WALLET_EXPANSION_PREMIUM_4_ITEM4_DESC,6,,0,,,,,,,32005,,EXTRACT,,,,,,,,crown,7,,0,,1,
16514,iw9_s4_ch_fob_wallet_expansion_premium_5,DMZ_FOB/WALLET_EXPANSION_PREMIUM_5_NAME,,3,,0,DMZ_FOB/WALLET_EXPANSION_PREMIUM_5_DETAIL_DESC,stash,,,,16515|16516|16517,,,,,,,,224,,,crown,9,icon_dmz_stash_expand_wallet,0,,1,
16515,iw9_s4_ch_fob_wallet_expansion_premium_5_item1,,DMZ_FOB/WALLET_EXPANSION_PREMIUM_5_ITEM1_DESC,40,,0,,,,,,,8408,,EXTRACT,,,,,,,,crown,9,,0,,1,
16516,iw9_s4_ch_fob_wallet_expansion_premium_5_item2,,DMZ_FOB/WALLET_EXPANSION_PREMIUM_5_ITEM2_DESC,30,,0,,,,,,,13359,,EXTRACT,,,,,,,,crown,9,,0,,1,
16517,iw9_s4_ch_fob_wallet_expansion_premium_5_item3,,DMZ_FOB/WALLET_EXPANSION_PREMIUM_5_ITEM3_DESC,20,,0,,,,,,,21900,,EXTRACT,,,,,,,,crown,9,,0,,1,
16518,iw9_s4_ch_fob_stash_expansion_premium_1,DMZ_FOB/STASH_EXPANSION_PREMIUM_1_NAME,,3,27239|27240|27239|27240|27239|27240,0,DMZ_FOB/STASH_EXPANSION_PREMIUM_1_DETAIL_DESC,stash,,,,16519|16520|16521,,,,,,,,,,,crown,3,icon_dmz_stash_expand_keystash,0,,1,
16519,iw9_s4_ch_fob_stash_expansion_premium_1_item1,,DMZ_FOB/STASH_EXPANSION_PREMIUM_1_ITEM1_DESC,8,,0,,,,,,,13365,,EXTRACT,,,,,,,,crown,3,,0,,1,
16520,iw9_s4_ch_fob_stash_expansion_premium_1_item2,,DMZ_FOB/STASH_EXPANSION_PREMIUM_1_ITEM2_DESC,4,,0,,,,,,,19248,,EXTRACT,,,,,,,,crown,3,,0,,1,
16521,iw9_s4_ch_fob_stash_expansion_premium_1_item3,,DMZ_FOB/STASH_EXPANSION_PREMIUM_1_ITEM3_DESC,1,,0,,,,,,,8473,,EXTRACT,,,,,,,,crown,3,,0,,1,
16522,iw9_s4_ch_fob_stash_expansion_premium_2,DMZ_FOB/STASH_EXPANSION_PREMIUM_2_NAME,,2,27239|27240|27239|27240|27239|27240,0,DMZ_FOB/STASH_EXPANSION_PREMIUM_2_DETAIL_DESC,stash,,,,16523|16524,,,,,,,,,,,crown,4,icon_dmz_stash_expand_keystash,0,,1,
16523,iw9_s4_ch_fob_stash_expansion_premium_2_item1,,DMZ_FOB/STASH_EXPANSION_PREMIUM_2_ITEM1_DESC,6,,0,,,,,,,,,EXTRACT,21907|21908|21909,iw9_loot_id,,,,,,crown,4,,0,,1,
16524,iw9_s4_ch_fob_stash_expansion_premium_2_item2,,DMZ_FOB/STASH_EXPANSION_PREMIUM_2_ITEM2_DESC,3,,0,,,,,,,21913,,EXTRACT,,,,,,,,crown,4,,0,,1,
16525,iw9_s4_ch_fob_stash_expansion_premium_3,DMZ_FOB/STASH_EXPANSION_PREMIUM_3_NAME,,4,27239|27240|27239|27240,0,DMZ_FOB/STASH_EXPANSION_PREMIUM_3_DETAIL_DESC,stash,,,,16526|16527|16528|16529,,,,,,,,,,,crown,5,icon_dmz_stash_expand_keystash,0,,1,
16526,iw9_s4_ch_fob_stash_expansion_premium_3_item1,,DMZ_FOB/STASH_EXPANSION_PREMIUM_3_ITEM1_DESC,8,,0,,,,,,,8379,,EXTRACT,,,,,,,,crown,5,,0,,1,
16527,iw9_s4_ch_fob_stash_expansion_premium_3_item2,,DMZ_FOB/STASH_EXPANSION_PREMIUM_3_ITEM2_DESC,7,,0,,,,,,,8535,,EXTRACT,,,,,,,,crown,5,,0,,1,
16528,iw9_s4_ch_fob_stash_expansion_premium_3_item3,,DMZ_FOB/STASH_EXPANSION_PREMIUM_3_ITEM3_DESC,3,,0,,,,,,,,,EXTRACT,8540|23395,iw9_loot_id,,,,,,crown,5,,0,,1,
16529,iw9_s4_ch_fob_stash_expansion_premium_3_item4,,DMZ_FOB/STASH_EXPANSION_PREMIUM_3_ITEM4_DESC,8,,0,,,,,,,8511,,EXTRACT,,,,,,,,crown,5,,0,,1,
16530,iw9_s4_ch_fob_stash_expansion_premium_4,DMZ_FOB/STASH_EXPANSION_PREMIUM_4_NAME,,2,27239|27240,0,DMZ_FOB/STASH_EXPANSION_PREMIUM_4_DETAIL_DESC,stash,,,,16531|16532,,,,,,,,,,,crown,7,icon_dmz_stash_expand_keystash,0,,1,
16531,iw9_s4_ch_fob_stash_expansion_premium_4_item1,,DMZ_FOB/STASH_EXPANSION_PREMIUM_4_ITEM1_DESC,8,,0,,,,,,,8374,,EXTRACT,,,,,,,,crown,7,,0,,1,
16532,iw9_s4_ch_fob_stash_expansion_premium_4_item2,,DMZ_FOB/STASH_EXPANSION_PREMIUM_4_ITEM2_DESC,8,,0,,,,,,,19253,,EXTRACT,,,,,,,,crown,7,,0,,1,
16533,iw9_s4_ch_fob_stash_expansion_premium_5,DMZ_FOB/STASH_EXPANSION_PREMIUM_5_NAME,,4,27239|27240,0,DMZ_FOB/STASH_EXPANSION_PREMIUM_5_DETAIL_DESC,stash,,,,16534|16535|16536|16537,,,,,,,,,,,crown,9,icon_dmz_stash_expand_keystash,0,,1,
16534,iw9_s4_ch_fob_stash_expansion_premium_5_item1,,DMZ_FOB/STASH_EXPANSION_PREMIUM_5_ITEM1_DESC,10,,0,,,,,,,11300,,EXTRACT,,,,,,,,crown,9,,0,,1,
16535,iw9_s4_ch_fob_stash_expansion_premium_5_item2,,DMZ_FOB/STASH_EXPANSION_PREMIUM_5_ITEM2_DESC,14,,0,,,,,,,8569,,EXTRACT,,,,,,,,crown,9,,0,,1,
16536,iw9_s4_ch_fob_stash_expansion_premium_5_item3,,DMZ_FOB/STASH_EXPANSION_PREMIUM_5_ITEM3_DESC,7,,0,,,,,,,8369,,EXTRACT,,,,,,,,crown,9,,0,,1,
16537,iw9_s4_ch_fob_stash_expansion_premium_5_item4,,DMZ_FOB/STASH_EXPANSION_PREMIUM_5_ITEM4_DESC,2,,0,,,,,,,28230,,EXTRACT,,,,,,,,crown,9,,0,,1,
16538,iw9_s4_ch_fob_daily_urgent_unlock_black_mous,DMZ_FOB/DAILY_URGENT_UNLOCK_BLACK_MOUS_NAME,,1,31579,0,DMZ_FOB/DAILY_URGENT_UNLOCK_BLACK_MOUS_DETAIL_DESC,communications_station,,,,16539,,,,,,,,,,,,,icon_dmz_faction_black_mous_120,0,,1,black_mous
16539,iw9_s4_ch_fob_daily_urgent_unlock_black_mous_item1,,DMZ_FOB/DAILY_URGENT_UNLOCK_BLACK_MOUS_ITEM1_DESC,1,,0,,,,,,,,,,,,,,,,,,,,0,,1,
16540,iw9_s4_ch_fob_daily_urgent_unlock_white_lotus,DMZ_FOB/DAILY_URGENT_UNLOCK_WHITE_LOTUS_NAME,,1,31578,0,DMZ_FOB/DAILY_URGENT_UNLOCK_WHITE_LOTUS_DETAIL_DESC,communications_station,,,,16541,,,,,,,,,,,,,icon_dmz_faction_white_lotus_120,0,,1,white_lotus
16541,iw9_s4_ch_fob_daily_urgent_unlock_white_lotus_item1,,DMZ_FOB/DAILY_URGENT_UNLOCK_WHITE_LOTUS_ITEM1_DESC,2,,0,,,,,,,,,EXTRACT,11204|11207|11205|11203|11202|11198,iw9_loot_id,,,,,,,,,0,,1,
16542,iw9_s4_ch_fob_daily_urgent_unlock_crown,DMZ_FOB/DAILY_URGENT_UNLOCK_CROWN_NAME,,1,31580,0,DMZ_FOB/DAILY_URGENT_UNLOCK_CROWN_DETAIL_DESC,communications_station,,,,16543,,,,,,,,,,,crown,1,icon_dmz_faction_crown_120,0,,1,crown
16543,iw9_s4_ch_fob_daily_urgent_unlock_crown_item1,,DMZ_FOB/DAILY_URGENT_UNLOCK_CROWN_ITEM1_DESC,3,,0,,,,,,,8580,,EXTRACT,,,,,,,,crown,1,,0,,1,
16544,iw9_s4_ch_fob_daily_urgent_unlock_phalanx,DMZ_FOB/DAILY_URGENT_UNLOCK_PHALANX_NAME,,1,31581,0,DMZ_FOB/DAILY_URGENT_UNLOCK_PHALANX_DETAIL_DESC,communications_station,,,,16545,,,,,,,,,,,,,icon_dmz_faction_phalanx_120,0,,1,phalanx
16545,iw9_s4_ch_fob_daily_urgent_unlock_phalanx_item1,,DMZ_FOB/DAILY_URGENT_UNLOCK_PHALANX_ITEM1_DESC,3,,0,,,,,,,,,EXTRACT,32000|32001|32003,iw9_loot_id,,,,,,,,,0,,1,
20648,iw9_s5_ch_fob_comms_contract_payment_increase1,DMZ_FOB/COMMS_CONTRACT_PAYMENT_INCREASE_NAME,,1,,0,DMZ_FOB/COMMS_CONTRACT_PAYMENT_INCREASE_DETAIL_DESC,communications_station,,,,20649,,,,,,,,228|228,,,shadow_company,2,icon_dmz_comstation_increase_contract_payment,0,,1,
20649,iw9_s5_ch_fob_comms_contract_payment_increase1_complete,,DMZ_FOB/COMMS_CONTRACT_PAYMENT_INCREASE_COMPLETE_DESC,100,,0,,,,,,,,,,,,,,,,,shadow_company,2,,0,,1,
20650,iw9_s5_ch_fob_comms_contract_payment_increase2,DMZ_FOB/COMMS_CONTRACT_PAYMENT_INCREASE_NAME,,1,,0,DMZ_FOB/COMMS_CONTRACT_PAYMENT_INCREASE_DETAIL_DESC,communications_station,,,,20651,,,,,,,,228|228,,,shadow_company,5,icon_dmz_comstation_increase_contract_payment,0,,1,
20651,iw9_s5_ch_fob_comms_contract_payment_increase2_complete,,DMZ_FOB/COMMS_CONTRACT_PAYMENT_INCREASE_COMPLETE_DESC,200,,0,,,,,,,,,,,,,,,,,shadow_company,5,,0,,1,
20652,iw9_s5_ch_fob_comms_contract_payment_increase3,DMZ_FOB/COMMS_CONTRACT_PAYMENT_INCREASE_NAME,,1,,0,DMZ_FOB/COMMS_CONTRACT_PAYMENT_INCREASE3_DETAIL_DESC1,communications_station,,,,20653,,,,,,,,228,,,shadow_company,11,icon_dmz_comstation_increase_contract_payment,0,,1,
20653,iw9_s5_ch_fob_comms_contract_payment_increase3_complete,,DMZ_FOB/COMMS_CONTRACT_PAYMENT_INCREASE_COMPLETE_DESC,300,,0,,,,,,,,,,,,,,,,,shadow_company,11,,0,,1,
20145,iw9_s5_ch_fob_comms_contract_dom_upgrade1,DMZ_FOB/COMMS_CONTRACT_DOM_UPGRADE1_NAME,,3,,0,DMZ_FOB/COMMS_CONTRACT_DOM_UPGRADE1_DETAIL_DESC,communications_station,,,,20146|20147|20148,,,,,,,,229,,,shadow_company,7,icon_dmz_comstation_intel_contract,0,,1,
20146,iw9_s5_ch_fob_comms_contract_dom_upgrade1_item1,,DMZ_FOB/COMMS_CONTRACT_DOM_UPGRADE1_ITEM1_DESC,15,,0,,,,,,,,,EXTRACT,13356|29315,iw9_loot_id,,,,,,shadow_company,7,,0,,1,
20147,iw9_s5_ch_fob_comms_contract_dom_upgrade1_item2,,DMZ_FOB/COMMS_CONTRACT_DOM_UPGRADE1_ITEM2_DESC,3,,0,,,,,,,8567,,EXTRACT,,,,,,,,shadow_company,7,,0,,1,
20148,iw9_s5_ch_fob_comms_contract_dom_upgrade1_item3,,DMZ_FOB/COMMS_CONTRACT_DOM_UPGRADE1_ITEM3_DESC,6,,0,,,,,,,32005,,EXTRACT,,,,,,,,shadow_company,7,,0,,1,
20149,iw9_s5_ch_fob_comms_contract_demo_upgrade1,DMZ_FOB/COMMS_CONTRACT_DEMO_UPGRADE1_NAME,,3,,0,DMZ_FOB/COMMS_CONTRACT_DEMO_UPGRADE1_DETAIL_DESC,communications_station,,,,20150|20151|20152,,,,,,,,230,,,shadow_company,7,icon_dmz_comstation_demolition_contract,0,,1,
20150,iw9_s5_ch_fob_comms_contract_demo_upgrade1_item1,,DMZ_FOB/COMMS_CONTRACT_DEMO_UPGRADE1_ITEM1_DESC,6,,0,,,,,,,32004,,EXTRACT,,,,,,,,shadow_company,7,,0,,1,
20151,iw9_s5_ch_fob_comms_contract_demo_upgrade1_item2,,DMZ_FOB/COMMS_CONTRACT_DEMO_UPGRADE1_ITEM2_DESC,20,,0,,,,,,,8408,,EXTRACT,,,,,,,,shadow_company,7,,0,,1,
20152,iw9_s5_ch_fob_comms_contract_demo_upgrade1_item3,,DMZ_FOB/COMMS_CONTRACT_DEMO_UPGRADE1_ITEM3_DESC,5,,0,,,,,,,11301,,EXTRACT,,,,,,,,shadow_company,7,,0,,1,
20153,iw9_s5_ch_fob_comms_contract_trap_upgrade1,DMZ_FOB/COMMS_CONTRACT_TRAP_UPGRADE1_NAME,,3,,0,DMZ_FOB/COMMS_CONTRACT_TRAP_UPGRADE1_DETAIL_DESC,communications_station,,,,20154|20155|20156,,,,,,,,231,,,shadow_company,7,icon_dmz_comstation_weapon_stash,0,,1,
20154,iw9_s5_ch_fob_comms_contract_trap_upgrade1_item1,,DMZ_FOB/COMMS_CONTRACT_TRAP_UPGRADE1_ITEM1_DESC,3,,0,,,,,,,11333,,DEAD_DROP,,,,,,,,shadow_company,7,,0,,1,
20155,iw9_s5_ch_fob_comms_contract_trap_upgrade1_item2,,DMZ_FOB/COMMS_CONTRACT_TRAP_UPGRADE1_ITEM2_DESC,20,,0,,,,,,,,1,DEAD_DROP,,,,,,,,shadow_company,7,,0,,1,
20156,iw9_s5_ch_fob_comms_contract_trap_upgrade1_item3,,DMZ_FOB/COMMS_CONTRACT_TRAP_UPGRADE1_ITEM3_DESC,10,,0,,,,,,,,1,DEAD_DROP,,,,,,,,shadow_company,7,,0,,1,
20157,iw9_s5_ch_fob_comms_safe_upgrade1,DMZ_FOB/COMMS_SAFE_UPGRADE1_NAME,,2,,0,DMZ_FOB/COMMS_SAFE_UPGRADE1_DETAIL_DESC,communications_station,,,,20158|20159,,,,,,,,232,,,shadow_company,7,icon_dmz_comstation_safe_items,0,,1,
20158,iw9_s5_ch_fob_comms_safe_upgrade1_item1,,DMZ_FOB/COMMS_SAFE_UPGRADE1_ITEM1_DESC,8,,0,,,,,,,,,EXTRACT,8580|8618,iw9_loot_id,,,,,,shadow_company,7,,0,,1,
20159,iw9_s5_ch_fob_comms_safe_upgrade1_item2,,DMZ_FOB/COMMS_SAFE_UPGRADE1_ITEM2_DESC,1000000,,0,,,,,,,8395,,DEAD_DROP,,,,,,,,shadow_company,7,,0,,1,
20160,iw9_s5_ch_fob_comms_scav_upgrade1,DMZ_FOB/COMMS_SCAV_UPGRADE1_NAME,,3,,0,DMZ_FOB/COMMS_SCAV_UPGRADE1_DETAIL_DESC,communications_station,,,,20161|20162|20163,,,,,,,,233,,,shadow_company,7,icon_dmz_comstation_secure_supplies,0,,1,
20161,iw9_s5_ch_fob_comms_scav_upgrade1_item1,,DMZ_FOB/COMMS_SCAV_UPGRADE1_ITEM1_DESC,10,,0,,,,,,,,,DEAD_DROP,8554|8410|23989|23990|17890|17892|17894|17893|24000|8421,iw9_loot_id,,,,,,shadow_company,7,,0,,1,
20162,iw9_s5_ch_fob_comms_scav_upgrade1_item2,,DMZ_FOB/COMMS_SCAV_UPGRADE1_ITEM2_DESC,6,,0,,,,,,,,,DEAD_DROP,8410|23990|17892|17893|24000|8421,iw9_loot_id,,,,,,shadow_company,7,,0,,1,
20163,iw9_s5_ch_fob_comms_scav_upgrade1_item3,,DMZ_FOB/COMMS_SCAV_UPGRADE1_ITEM3_DESC,6,,0,,,,,,,,,DEAD_DROP,8548|33033,iw9_loot_id,,,,,,shadow_company,7,,0,,1,
20164,iw9_s5_ch_fob_comms_uav_tower_upgrade1,DMZ_FOB/COMMS_UAV_TOWER_UPGRADE1_NAME,,6,,0,DMZ_FOB/COMMS_UAV_TOWER_UPGRADE2_DETAIL_DESC,communications_station,,,,20165|20166|20167|20168|20169|20170,,,,,,,,234,,,shadow_company,2,icon_dmz_comstation_duration_uav,0,,1,
20165,iw9_s5_ch_fob_comms_uav_tower_upgrade1_item1,,DMZ_FOB/COMMS_UAV_TOWER_UPGRADE1_ITEM1_DESC,4,,0,,,,,,,8519,,EXTRACT,,,,,,,,shadow_company,2,,0,,1,
20166,iw9_s5_ch_fob_comms_uav_tower_upgrade1_item2,,DMZ_FOB/COMMS_UAV_TOWER_UPGRADE1_ITEM2_DESC,5,,0,,,,,,,13367,,EXTRACT,,,,,,,,shadow_company,2,,0,,1,
20167,iw9_s5_ch_fob_comms_uav_tower_upgrade1_item3,,DMZ_FOB/COMMS_UAV_TOWER_UPGRADE1_ITEM3_DESC,3,,0,,,,,,,13368,,EXTRACT,,,,,,,,shadow_company,2,,0,,1,
20168,iw9_s5_ch_fob_comms_uav_tower_upgrade1_item4,,DMZ_FOB/COMMS_UAV_TOWER_UPGRADE1_ITEM4_DESC,4,,0,,,,,,,,,EXTRACT,13371|8567,iw9_loot_id,,,,,,shadow_company,2,,0,,1,
20169,iw9_s5_ch_fob_comms_uav_tower_upgrade1_item5,,DMZ_FOB/COMMS_UAV_TOWER_UPGRADE1_ITEM5_DESC,3,,0,,,,,,,13369,,EXTRACT,,,,,,,,shadow_company,2,,0,,1,
20170,iw9_s5_ch_fob_comms_uav_tower_upgrade1_item6,,DMZ_FOB/COMMS_UAV_TOWER_UPGRADE1_ITEM6_DESC,3,,0,,,,,,,13372,,EXTRACT,,,,,,,,shadow_company,2,,0,,1,
20171,iw9_s5_ch_fob_comms_sam_site_upgrade1,DMZ_FOB/COMMS_SAM_SITE_UPGRADE1_NAME,,3,,0,DMZ_FOB/COMMS_SAM_SITE_UPGRADE2_DETAIL_DESC,communications_station,,,,20172|20173|20174,,,,,,,,235,,,shadow_company,2,icon_dmz_comstation_duration_sam,0,,1,
20172,iw9_s5_ch_fob_comms_sam_site_upgrade1_item1,,DMZ_FOB/COMMS_SAM_SITE_UPGRADE1_ITEM1_DESC,8,,0,,,,,,,,,EXTRACT,8448|8547,iw9_loot_id,,,,,,shadow_company,2,,0,,1,
20173,iw9_s5_ch_fob_comms_sam_site_upgrade1_item2,,DMZ_FOB/COMMS_SAM_SITE_UPGRADE1_ITEM2_DESC,15,,0,,,,,,,8379,,EXTRACT,,,,,,,,shadow_company,2,,0,,1,
20174,iw9_s5_ch_fob_comms_sam_site_upgrade1_item3,,DMZ_FOB/COMMS_SAM_SITE_UPGRADE1_ITEM3_DESC,10,,0,,,,,,,21913,,EXTRACT,,,,,,,,shadow_company,2,,0,,1,
20175,iw9_s5_ch_fob_comms_exfil_heli_upgrade1,DMZ_FOB/COMMS_EXFIL_HELI_UPGRADE1_NAME,,1,,0,DMZ_FOB/COMMS_EXFIL_HELI_UPGRADE1_DETAIL_DESC,communications_station,,,,20176,,,,,,,,236,,,shadow_company,5,icon_dmz_comstation_duration_exfilchoppertimeincrease,0,,1,
20176,iw9_s5_ch_fob_comms_exfil_heli_upgrade1_item1,,DMZ_FOB/COMMS_EXFIL_HELI_UPGRADE1_ITEM1_DESC,10,,0,,,,,,,8395,,FINAL_EXFIL,,,,,,,,shadow_company,5,,0,,1,
20140,iw9_s5_ch_fob_daily_urgent_unlock_shadow_company,DMZ_FOB/DAILY_URGENT_UNLOCK_SHADOW_COMPANY_NAME,,1,35100,0,DMZ_FOB/DAILY_URGENT_UNLOCK_SHADOW_COMPANY_DETAIL_DESC,communications_station,,,,20141,,,,,,,,,,,,,icon_dmz_faction_shadow_company_120,0,,1,shadow_company
20141,iw9_s5_ch_fob_daily_urgent_unlock_shadow_company_item1,,DMZ_FOB/DAILY_URGENT_UNLOCK_SHADOW_COMPANY_ITEM1_DESC,10,,0,,,,,,,,10,DEAD_DROP,,,,,,,,,,,0,,1,
20142,iw9_s5_ch_fob_weekly_urgent_unlock_shadow_company,DMZ_FOB/WEEKLY_URGENT_UNLOCK_SHADOW_COMPANY_NAME,,1,35099,0,DMZ_FOB/WEEKLY_URGENT_UNLOCK_SHADOW_COMPANY_DETAIL_DESC,communications_station,,,,20143,,,,,,,,,,,shadow_company,9,icon_dmz_faction_shadow_company_120,0,,1,shadow_company
20143,iw9_s5_ch_fob_weekly_urgent_unlock_shadow_company_item1,,DMZ_FOB/WEEKLY_URGENT_UNLOCK_SHADOW_COMPANY_ITEM1_DESC,10,,0,,,,,,,8567,,EXTRACT,,,,,,,,shadow_company,9,,0,,1,
20180,iw9_s5_ch_fob_equip_starting_armor_1,DMZ_FOB/EQUIP_STARTING_ARMOR_1_NAME,,2,,0,DMZ_FOB/EQUIP_STARTING_ARMOR_1_DETAIL_DESC,equipment,,,,20181|20182,,,,,,,,271,,,,,icon_dmz_equipment_start_3plate,0,,1,
20181,iw9_s5_ch_fob_equip_starting_armor_1_item1,,DMZ_FOB/EQUIP_STARTING_ARMOR_1_ITEM1_DESC,8,,0,,,,,,,8557,,DEAD_DROP,,,,,,,,,,,0,,1,
20182,iw9_s5_ch_fob_equip_starting_armor_1_item2,,DMZ_FOB/EQUIP_STARTING_ARMOR_1_ITEM2_DESC,1,,0,,,,,,,,,DEAD_DROP,24138|24139|24140,iw9_loot_id,,,,,,,,,0,,1,
20183,iw9_s5_ch_fob_equip_starting_armor_2,DMZ_FOB/EQUIP_STARTING_ARMOR_2_NAME,,2,,0,DMZ_FOB/EQUIP_STARTING_ARMOR_2_DETAIL_DESC,equipment,,,,20184|20185,,,,,,,,271,,,shadow_company,4,icon_dmz_equipment_start_4plate,0,,1,
20184,iw9_s5_ch_fob_equip_starting_armor_2_item1,,DMZ_FOB/EQUIP_STARTING_ARMOR_2_ITEM1_DESC,10,,0,,,,,,,,,EXTRACT,,,,,,,,shadow_company,4,,0,,1,
20185,iw9_s5_ch_fob_equip_starting_armor_2_item2,,DMZ_FOB/EQUIP_STARTING_ARMOR_2_ITEM2_DESC,5,,0,,,,,,,29904,,EXTRACT,,,,,,,,shadow_company,4,,0,,1,
20186,iw9_s5_ch_fob_equip_starting_armor_3,DMZ_FOB/EQUIP_STARTING_ARMOR_3_NAME,,5,,0,DMZ_FOB/EQUIP_STARTING_ARMOR_3_DETAIL_DESC,equipment,,,,20187|20188|20189|20190|20191,,,,,,,,271,,,shadow_company,8,icon_dmz_equipment_start_5plate,0,,1,
20187,iw9_s5_ch_fob_equip_starting_armor_3_item1,,DMZ_FOB/EQUIP_STARTING_ARMOR_3_ITEM1_DESC,5,,0,,,,,,,8352,,EXTRACT,,,,,,,,shadow_company,8,,0,,1,
20188,iw9_s5_ch_fob_equip_starting_armor_3_item2,,DMZ_FOB/EQUIP_STARTING_ARMOR_3_ITEM2_DESC,5,,0,,,,,,,8508,,EXTRACT,,,,,,,,shadow_company,8,,0,,1,
20189,iw9_s5_ch_fob_equip_starting_armor_3_item3,,DMZ_FOB/EQUIP_STARTING_ARMOR_3_ITEM3_DESC,5,,0,,,,,,,8351,,EXTRACT,,,,,,,,shadow_company,8,,0,,1,
20190,iw9_s5_ch_fob_equip_starting_armor_3_item4,,DMZ_FOB/EQUIP_STARTING_ARMOR_3_ITEM4_DESC,5,,0,,,,,,,21903,,EXTRACT,,,,,,,,shadow_company,8,,0,,1,
20191,iw9_s5_ch_fob_equip_starting_armor_3_item5,,DMZ_FOB/EQUIP_STARTING_ARMOR_3_ITEM5_DESC,5,,0,,,,,,,21902,,EXTRACT,,,,,,,,shadow_company,8,,0,,1,
20192,iw9_s5_ch_fob_equip_select_rebreather,DMZ_FOB/EQUIP_SELECT_REBREATHER_NAME,,6,23806,0,DMZ_FOB/EQUIP_SELECT_REBREATHER_DETAIL_DESC,equipment,,,,20193|20194|20195|20196|20197|20198,,,,,,,,274,,,shadow_company,2,icon_dmz_equipment_unlock_rebreather,0,,1,
20193,iw9_s5_ch_fob_equip_select_rebreather_item1,,DMZ_FOB/EQUIP_SELECT_REBREATHER_ITEM1_DESC,12,,0,,,,,,,23806,,EXTRACT,,,,,,,,shadow_company,2,,0,,1,
20194,iw9_s5_ch_fob_equip_select_rebreather_item2,,DMZ_FOB/EQUIP_SELECT_REBREATHER_ITEM2_DESC,15,,0,,,,,,,13369,,EXTRACT,,,,,,,,shadow_company,2,,0,,1,
20195,iw9_s5_ch_fob_equip_select_rebreather_item3,,DMZ_FOB/EQUIP_SELECT_REBREATHER_ITEM3_DESC,8,,0,,,,,,,13361,,EXTRACT,,,,,,,,shadow_company,2,,0,,1,
20196,iw9_s5_ch_fob_equip_select_rebreather_item4,,DMZ_FOB/EQUIP_SELECT_REBREATHER_ITEM4_DESC,8,,0,,,,,,,8369,,EXTRACT,,,,,,,,shadow_company,2,,0,,1,
20197,iw9_s5_ch_fob_equip_select_rebreather_item5,,DMZ_FOB/EQUIP_SELECT_REBREATHER_ITEM5_DESC,5,,0,,,,,,,11300,,EXTRACT,,,,,,,,shadow_company,2,,0,,1,
20198,iw9_s5_ch_fob_equip_select_rebreather_item6,,DMZ_FOB/EQUIP_SELECT_REBREATHER_ITEM6_DESC,1,,0,,,,,,,15415,,EXTRACT,,,,,,,,shadow_company,2,,0,,1,
20199,iw9_s5_ch_fob_equip_select_armor_box,DMZ_FOB/EQUIP_SELECT_ARMOR_BOX_NAME,,6,9224,0,DMZ_FOB/EQUIP_SELECT_ARMOR_BOX_DETAIL_DESC,equipment,,,,20200|20201|20202|20203|20204|20205,,,,,,,,273,,,shadow_company,6,icon_dmz_equipment_unlock_armor_box,0,,1,
20200,iw9_s5_ch_fob_equip_select_armor_box_item1,,DMZ_FOB/EQUIP_SELECT_ARMOR_BOX_ITEM1_DESC,8,,0,,,,,,,9224,,EXTRACT,,,,,,,,shadow_company,6,,0,,1,
20201,iw9_s5_ch_fob_equip_select_armor_box_item2,,DMZ_FOB/EQUIP_SELECT_ARMOR_BOX_ITEM2_DESC,4,,0,,,,,,,8519,,EXTRACT,,,,,,,,shadow_company,6,,0,,1,
20202,iw9_s5_ch_fob_equip_select_armor_box_item3,,DMZ_FOB/EQUIP_SELECT_ARMOR_BOX_ITEM3_DESC,5,,0,,,,,,,13367,,EXTRACT,,,,,,,,shadow_company,6,,0,,1,
20203,iw9_s5_ch_fob_equip_select_armor_box_item4,,DMZ_FOB/EQUIP_SELECT_ARMOR_BOX_ITEM4_DESC,8,,0,,,,,,,13372,,EXTRACT,,,,,,,,shadow_company,6,,0,,1,
20204,iw9_s5_ch_fob_equip_select_armor_box_item5,,DMZ_FOB/EQUIP_SELECT_ARMOR_BOX_ITEM5_DESC,16,,0,,,,,,,8408,,EXTRACT,,,,,,,,shadow_company,6,,0,,1,
20205,iw9_s5_ch_fob_equip_select_armor_box_item6,,DMZ_FOB/EQUIP_SELECT_ARMOR_BOX_ITEM6_DESC,5,,0,,,,,,,32004,,EXTRACT,,,,,,,,shadow_company,6,,0,,1,
20206,iw9_s5_ch_fob_equip_starting_solo_self_revive,DMZ_FOB/EQUIP_STARTING_SOLO_SELF_REVIVE_NAME,,1,,0,DMZ_FOB/EQUIP_STARTING_SOLO_SELF_REVIVE_DETAIL_DESC,equipment,,,,20207,,,,,,,,272,,,crown,7,icon_dmz_equipment_start_solo_self_revive,0,,1,
20207,iw9_s5_ch_fob_equip_starting_solo_self_revive_item1,,DMZ_FOB/EQUIP_STARTING_SOLO_SELF_REVIVE_ITEM1_DESC,40,,0,,,,,,,,,DEAD_DROP,8548|33033,iw9_loot_id,,,,,,crown,7,,0,,1,
20208,iw9_s5_ch_fob_equip_repeatable_revive_pistol,DMZ_FOB/EQUIP_REPEATABLE_REVIVE_PISTOL_NAME,,2,,0,DMZ_FOB/EQUIP_REPEATABLE_REVIVE_PISTOL_DETAIL_DESC,equipment,,,,20209|20210,,,,,,,,275,,,white_lotus,6,icon_dmz_equipment_repeatable_revive_pistol,0,,None,
20209,iw9_s5_ch_fob_equip_repeatable_revive_pistol_item1,,DMZ_FOB/EQUIP_REPEATABLE_REVIVE_PISTOL_ITEM1_DESC,2,,0,,,,,,,11301,,EXTRACT,,,,,,,,white_lotus,6,,0,,None,
20210,iw9_s5_ch_fob_equip_repeatable_revive_pistol_item2,,DMZ_FOB/EQUIP_REPEATABLE_REVIVE_PISTOL_ITEM2_DESC,2,,0,,,,,,,13360,,EXTRACT,,,,,,,,white_lotus,6,,0,,None,
20211,iw9_s5_ch_fob_equip_repeatable_tempered_plate_carrier,DMZ_FOB/EQUIP_REPEATABLE_TEMPERED_PLATE_CARRIER_NAME,,2,,0,DMZ_FOB/EQUIP_REPEATABLE_TEMPERED_PLATE_CARRIER_DETAIL_DESC,equipment,,,,20212|20213,,,,,,,,276,,,black_mous,6,icon_dmz_equipment_repeatable_2plate_carrier,0,,None,
20212,iw9_s5_ch_fob_equip_repeatable_tempered_plate_carrier_item1,,DMZ_FOB/EQUIP_REPEATABLE_TEMPERED_PLATE_CARRIER_ITEM1_DESC,4,,0,,,,,,,8540,,EXTRACT,,,,,,,,black_mous,6,,0,,None,
20213,iw9_s5_ch_fob_equip_repeatable_tempered_plate_carrier_item2,,DMZ_FOB/EQUIP_REPEATABLE_TEMPERED_PLATE_CARRIER_ITEM2_DESC,1,,0,,,,,,,23395,,EXTRACT,,,,,,,,black_mous,6,,0,,None,
20214,iw9_s5_ch_fob_equip_repeatable_battle_rage_self_revive,DMZ_FOB/EQUIP_REPEATABLE_BATTLE_RAGE_SELF_REVIVE_NAME,,2,,0,DMZ_FOB/EQUIP_REPEATABLE_BATTLE_RAGE_SELF_REVIVE_DETAIL_DESC,equipment,,,,20215|20216,,,,,,,,277,,,,,icon_dmz_equipment_repeat_selfrevive,0,,None,
20215,iw9_s5_ch_fob_equip_repeatable_battle_rage_self_revive_item1,,DMZ_FOB/EQUIP_REPEATABLE_BATTLE_RAGE_SELF_REVIVE_ITEM1_DESC,2,,0,,,,,,,,,EXTRACT,19249|19253,iw9_loot_id,,,,,,,,,0,,None,
20216,iw9_s5_ch_fob_equip_repeatable_battle_rage_self_revive_item2,,DMZ_FOB/EQUIP_REPEATABLE_BATTLE_RAGE_SELF_REVIVE_ITEM2_DESC,4,,0,,,,,,,13365,,EXTRACT,,,,,,,,,,,0,,None,
20217,iw9_s5_ch_fob_equip_repeatable_durable_gas_mask,DMZ_FOB/EQUIP_REPEATABLE_DURABLE_GAS_MASK_NAME,,1,,0,DMZ_FOB/EQUIP_REPEATABLE_DURABLE_GAS_MASK_DETAIL_DESC,equipment,,,,20218,,,,,,,,278,,,,,icon_dmz_equipment_repeatable_durable_gas_mask,0,,None,
20218,iw9_s5_ch_fob_equip_repeatable_durable_gas_mask_item1,,DMZ_FOB/EQUIP_REPEATABLE_DURABLE_GAS_MASK_ITEM1_DESC,2,,0,,,,,,,,,EXTRACT,13356|29315,iw9_loot_id,,,,,,,,,0,,None,
20219,iw9_s5_ch_fob_equip_repeatable_uav,DMZ_FOB/EQUIP_REPEATABLE_UAV_NAME,,2,,0,DMZ_FOB/EQUIP_REPEATABLE_UAV_DETAIL_DESC,equipment,,,,20220|20221,,,,,,,,279,,,phalanx,6,icon_dmz_equipment_repeatable_uav,0,,None,
20220,iw9_s5_ch_fob_equip_repeatable_uav_item1,,DMZ_FOB/EQUIP_REPEATABLE_UAV_ITEM1_DESC,4,,0,,,,,,,8567,,EXTRACT,,,,,,,,phalanx,6,,0,,None,
20221,iw9_s5_ch_fob_equip_repeatable_uav_item2,,DMZ_FOB/EQUIP_REPEATABLE_UAV_ITEM2_DESC,4,,0,,,,,,,32005,,EXTRACT,,,,,,,,phalanx,6,,0,,None,
20222,iw9_s5_ch_fob_weekly_urgent_unlock_black_mous,DMZ_FOB/WEEKLY_URGENT_UNLOCK_BLACK_MOUS_NAME,,1,35096,0,DMZ_FOB/WEEKLY_URGENT_UNLOCK_BLACK_MOUS_DETAIL_DESC,communications_station,,,,20223,,,,,,,,,,,black_mous,9,icon_dmz_faction_black_mous_120,0,,1,black_mous
20223,iw9_s5_ch_fob_weekly_urgent_unlock_black_mous_item1,,DMZ_FOB/WEEKLY_URGENT_UNLOCK_BLACK_MOUS_ITEM1_DESC,12,,0,,,,,,,26140,,EXTRACT,,,,,,,,black_mous,9,,0,,1,
20224,iw9_s5_ch_fob_weekly_urgent_unlock_white_lotus,DMZ_FOB/WEEKLY_URGENT_UNLOCK_WHITE_LOTUS_NAME,,1,35095,0,DMZ_FOB/WEEKLY_URGENT_UNLOCK_WHITE_LOTUS_DETAIL_DESC,communications_station,,,,20225,,,,,,,,,,,white_lotus,9,icon_dmz_faction_white_lotus_120,0,,1,white_lotus
20225,iw9_s5_ch_fob_weekly_urgent_unlock_white_lotus_item1,,DMZ_FOB/WEEKLY_URGENT_UNLOCK_WHITE_LOTUS_ITEM1_DESC,10,,0,,,,,,,28230,,EXTRACT,,,,,,,,white_lotus,9,,0,,1,
20226,iw9_s5_ch_fob_weekly_urgent_unlock_phalanx,DMZ_FOB/WEEKLY_URGENT_UNLOCK_PHALANX_NAME,,1,35098,0,DMZ_FOB/WEEKLY_URGENT_UNLOCK_PHALANX_DETAIL_DESC,communications_station,,,,20227,,,,,,,,,,,phalanx,9,icon_dmz_faction_phalanx_120,0,,1,phalanx
20227,iw9_s5_ch_fob_weekly_urgent_unlock_phalanx_item1,,DMZ_FOB/WEEKLY_URGENT_UNLOCK_PHALANX_ITEM1_DESC,5,,0,,,,,,,8441,,EXTRACT,,,,,,,,phalanx,9,,0,,1,
20228,iw9_s5_ch_fob_weekly_urgent_unlock_crown,DMZ_FOB/WEEKLY_URGENT_UNLOCK_CROWN_NAME,,1,35097,0,DMZ_FOB/WEEKLY_URGENT_UNLOCK_CROWN_DETAIL_DESC,communications_station,,,,20229,,,,,,,,,,,crown,9,icon_dmz_faction_crown_120,0,,1,crown
20229,iw9_s5_ch_fob_weekly_urgent_unlock_crown_item1,,DMZ_FOB/WEEKLY_URGENT_UNLOCK_CROWN_ITEM1_DESC,10,,0,,,,,,,23395,,EXTRACT,,,,,,,,crown,9,,0,,1,
20679,iw9_s5_ch_fob_comms_uav_tower_upgrade2,DMZ_FOB/COMMS_UAV_TOWER_UPGRADE2_NAME,,4,,0,DMZ_FOB/COMMS_UAV_TOWER_UPGRADE2_DETAIL_DESC,communications_station,,,,20680|20681|20682|20683,,,,,,,,234,,,shadow_company,9,icon_dmz_comstation_duration_uav,0,,1,
20680,iw9_s5_ch_fob_comms_uav_tower_upgrade2_item1,,DMZ_FOB/COMMS_UAV_TOWER_UPGRADE2_ITEM1_DESC,4,,0,,,,,,,8547,,EXTRACT,,,,,,,,shadow_company,9,,0,,1,
20681,iw9_s5_ch_fob_comms_uav_tower_upgrade2_item2,,DMZ_FOB/COMMS_UAV_TOWER_UPGRADE2_ITEM2_DESC,10,,0,,,,,,,8417,,EXTRACT,,,,,,,,shadow_company,9,,0,,1,
20682,iw9_s5_ch_fob_comms_uav_tower_upgrade2_item3,,DMZ_FOB/COMMS_UAV_TOWER_UPGRADE2_ITEM3_DESC,10,,0,,,,,,,,,EXTRACT,21898|21899,iw9_loot_id,,,,,,shadow_company,9,,0,,1,
20683,iw9_s5_ch_fob_comms_uav_tower_upgrade2_item4,,DMZ_FOB/COMMS_UAV_TOWER_UPGRADE2_ITEM4_DESC,10,,0,,,,,,,13359,,EXTRACT,,,,,,,,shadow_company,9,,0,,1,
20684,iw9_s5_ch_fob_comms_uav_tower_upgrade3,DMZ_FOB/COMMS_UAV_TOWER_UPGRADE3_NAME,,4,,0,DMZ_FOB/COMMS_UAV_TOWER_UPGRADE3_DETAIL_DESC,communications_station,,,,20685|20686|20687|20688,,,,,,,,234,,,shadow_company,14,icon_dmz_comstation_duration_uav,0,,1,
20685,iw9_s5_ch_fob_comms_uav_tower_upgrade3_item1,,DMZ_FOB/COMMS_UAV_TOWER_UPGRADE3_ITEM1_DESC,5,,0,,,,,,,28930,,EXTRACT,,,,,,,,shadow_company,14,,0,,1,
20686,iw9_s5_ch_fob_comms_uav_tower_upgrade3_item2,,DMZ_FOB/COMMS_UAV_TOWER_UPGRADE3_ITEM2_DESC,10,,0,,,,,,,32001,,EXTRACT,,,,,,,,shadow_company,14,,0,,1,
20687,iw9_s5_ch_fob_comms_uav_tower_upgrade3_item3,,DMZ_FOB/COMMS_UAV_TOWER_UPGRADE3_ITEM3_DESC,12,,0,,,,,,,19253,,EXTRACT,,,,,,,,shadow_company,14,,0,,1,
20688,iw9_s5_ch_fob_comms_uav_tower_upgrade3_item4,,DMZ_FOB/COMMS_UAV_TOWER_UPGRADE3_ITEM4_DESC,9,,0,,,,,,,8567,,EXTRACT,,,,,,,,shadow_company,14,,0,,1,
20689,iw9_s5_ch_fob_comms_sam_site_upgrade2,DMZ_FOB/COMMS_SAM_SITE_UPGRADE2_NAME,,4,,0,DMZ_FOB/COMMS_SAM_SITE_UPGRADE2_DETAIL_DESC,communications_station,,,,20690|20691|20692|20693,,,,,,,,235,,,shadow_company,9,icon_dmz_comstation_duration_sam,0,,1,
20690,iw9_s5_ch_fob_comms_sam_site_upgrade2_item1,,DMZ_FOB/COMMS_SAM_SITE_UPGRADE2_ITEM1_DESC,8,,0,,,,,,,13356,,EXTRACT,,,,,,,,shadow_company,9,,0,,1,
20691,iw9_s5_ch_fob_comms_sam_site_upgrade2_item2,,DMZ_FOB/COMMS_SAM_SITE_UPGRADE2_ITEM2_DESC,5,,0,,,,,,,13360,,EXTRACT,,,,,,,,shadow_company,9,,0,,1,
20692,iw9_s5_ch_fob_comms_sam_site_upgrade2_item3,,DMZ_FOB/COMMS_SAM_SITE_UPGRADE2_ITEM3_DESC,6,,0,,,,,,,11301,,EXTRACT,,,,,,,,shadow_company,9,,0,,1,
20693,iw9_s5_ch_fob_comms_sam_site_upgrade2_item4,,DMZ_FOB/COMMS_SAM_SITE_UPGRADE2_ITEM4_DESC,1,,0,,,,,,,15415,,EXTRACT,,,,,,,,shadow_company,9,,0,,1,
20694,iw9_s5_ch_fob_comms_sam_site_upgrade3,DMZ_FOB/COMMS_SAM_SITE_UPGRADE3_NAME,,4,,0,DMZ_FOB/COMMS_SAM_SITE_UPGRADE3_DETAIL_DESC,communications_station,,,,20695|20696|20697|20698,,,,,,,,235,,,shadow_company,14,icon_dmz_comstation_duration_sam,0,,1,
20695,iw9_s5_ch_fob_comms_sam_site_upgrade3_item1,,DMZ_FOB/COMMS_SAM_SITE_UPGRADE3_ITEM1_DESC,7,,0,,,,,,,32003,,EXTRACT,,,,,,,,shadow_company,14,,0,,1,
20696,iw9_s5_ch_fob_comms_sam_site_upgrade3_item2,,DMZ_FOB/COMMS_SAM_SITE_UPGRADE3_ITEM2_DESC,33,,0,,,,,,,8473,,EXTRACT,,,,,,,,shadow_company,14,,0,,1,
20697,iw9_s5_ch_fob_comms_sam_site_upgrade3_item3,,DMZ_FOB/COMMS_SAM_SITE_UPGRADE3_ITEM3_DESC,12,,0,,,,,,,8369,,EXTRACT,,,,,,,,shadow_company,14,,0,,1,
20698,iw9_s5_ch_fob_comms_sam_site_upgrade3_item4,,DMZ_FOB/COMMS_SAM_SITE_UPGRADE3_ITEM4_DESC,16,,0,,,,,,,13363,,EXTRACT,,,,,,,,shadow_company,14,,0,,1,
